scenario_family,year,target_column,target_label,predicted_prevalence_per_100k,lag_1_used,rolling_3_used,table_role,model_name
high_emissions,2026,lyme_cases_per_100k,Lyme prevalence per 100k,6922.319157781094,7939.903481400254,5693.654599010776,scenario_projection_recursive,lyme_prevalence
high_emissions,2027,lyme_cases_per_100k,Lyme prevalence per 100k,6950.865525777931,6922.319157781094,6648.390376670647,scenario_projection_recursive,lyme_prevalence
high_emissions,2028,lyme_cases_per_100k,Lyme prevalence per 100k,6723.82966317518,6950.865525777931,7271.02938831976,scenario_projection_recursive,lyme_prevalence
high_emissions,2029,lyme_cases_per_100k,Lyme prevalence per 100k,6854.911666144334,6723.82966317518,6865.671448911402,scenario_projection_recursive,lyme_prevalence
high_emissions,2030,lyme_cases_per_100k,Lyme prevalence per 100k,6998.253251347954,6854.911666144334,6843.202285032482,scenario_projection_recursive,lyme_prevalence
high_emissions,2031,lyme_cases_per_100k,Lyme prevalence per 100k,7005.4632146604745,6998.253251347954,6858.998193555822,scenario_projection_recursive,lyme_prevalence
high_emissions,2032,lyme_cases_per_100k,Lyme prevalence per 100k,7377.396880827673,7005.4632146604745,6952.87604405092,scenario_projection_recursive,lyme_prevalence
high_emissions,2033,lyme_cases_per_100k,Lyme prevalence per 100k,7127.705233038145,7377.396880827673,7127.0377822787,scenario_projection_recursive,lyme_prevalence
high_emissions,2034,lyme_cases_per_100k,Lyme prevalence per 100k,7727.96841269074,7127.705233038145,7170.188442842097,scenario_projection_recursive,lyme_prevalence
high_emissions,2035,lyme_cases_per_100k,Lyme prevalence per 100k,7175.870649885997,7727.96841269074,7411.023508852185,scenario_projection_recursive,lyme_prevalence
high_emissions,2036,lyme_cases_per_100k,Lyme prevalence per 100k,7170.704719230802,7175.870649885997,7343.848098538295,scenario_projection_recursive,lyme_prevalence
high_emissions,2037,lyme_cases_per_100k,Lyme prevalence per 100k,7638.461345392751,7170.704719230802,7358.181260602512,scenario_projection_recursive,lyme_prevalence
high_emissions,2038,lyme_cases_per_100k,Lyme prevalence per 100k,7566.481822782122,7638.461345392751,7328.345571503184,scenario_projection_recursive,lyme_prevalence
high_emissions,2039,lyme_cases_per_100k,Lyme prevalence per 100k,7868.234463442679,7566.481822782122,7458.549295801892,scenario_projection_recursive,lyme_prevalence
high_emissions,2040,lyme_cases_per_100k,Lyme prevalence per 100k,7287.075887958255,7868.234463442679,7691.059210539184,scenario_projection_recursive,lyme_prevalence
high_emissions,2041,lyme_cases_per_100k,Lyme prevalence per 100k,7676.641889259256,7287.075887958255,7573.930724727686,scenario_projection_recursive,lyme_prevalence
high_emissions,2042,lyme_cases_per_100k,Lyme prevalence per 100k,7516.168562459712,7676.641889259256,7610.65074688673,scenario_projection_recursive,lyme_prevalence
high_emissions,2043,lyme_cases_per_100k,Lyme prevalence per 100k,7557.634753361475,7516.168562459712,7493.295446559074,scenario_projection_recursive,lyme_prevalence
high_emissions,2044,lyme_cases_per_100k,Lyme prevalence per 100k,7410.766648886755,7557.634753361475,7583.481735026814,scenario_projection_recursive,lyme_prevalence
high_emissions,2045,lyme_cases_per_100k,Lyme prevalence per 100k,7531.571018700344,7410.766648886755,7494.856654902647,scenario_projection_recursive,lyme_prevalence
high_emissions,2046,lyme_cases_per_100k,Lyme prevalence per 100k,7664.810111442837,7531.571018700344,7499.990806982859,scenario_projection_recursive,lyme_prevalence
high_emissions,2047,lyme_cases_per_100k,Lyme prevalence per 100k,7697.0987954600305,7664.810111442837,7535.715926343312,scenario_projection_recursive,lyme_prevalence
high_emissions,2048,lyme_cases_per_100k,Lyme prevalence per 100k,7543.724375586929,7697.0987954600305,7631.159975201071,scenario_projection_recursive,lyme_prevalence
high_emissions,2049,lyme_cases_per_100k,Lyme prevalence per 100k,7557.131182261493,7543.724375586929,7635.211094163266,scenario_projection_recursive,lyme_prevalence
high_emissions,2050,lyme_cases_per_100k,Lyme prevalence per 100k,7904.768849333885,7557.131182261493,7599.318117769485,scenario_projection_recursive,lyme_prevalence
high_emissions,2051,lyme_cases_per_100k,Lyme prevalence per 100k,7882.074687350592,7904.768849333885,7668.5414690607695,scenario_projection_recursive,lyme_prevalence
high_emissions,2052,lyme_cases_per_100k,Lyme prevalence per 100k,7997.570612549516,7882.074687350592,7781.3249063153235,scenario_projection_recursive,lyme_prevalence
high_emissions,2053,lyme_cases_per_100k,Lyme prevalence per 100k,7875.004164282663,7997.570612549516,7928.1380497446635,scenario_projection_recursive,lyme_prevalence
high_emissions,2054,lyme_cases_per_100k,Lyme prevalence per 100k,7855.416870803623,7875.004164282663,7918.216488060923,scenario_projection_recursive,lyme_prevalence
high_emissions,2055,lyme_cases_per_100k,Lyme prevalence per 100k,8016.500162502147,7855.416870803623,7909.330549211933,scenario_projection_recursive,lyme_prevalence
high_emissions,2056,lyme_cases_per_100k,Lyme prevalence per 100k,8228.56391106168,8016.500162502147,7915.640399196144,scenario_projection_recursive,lyme_prevalence
high_emissions,2057,lyme_cases_per_100k,Lyme prevalence per 100k,8160.095572806106,8228.56391106168,8033.493648122483,scenario_projection_recursive,lyme_prevalence
high_emissions,2058,lyme_cases_per_100k,Lyme prevalence per 100k,7978.677872610409,8160.095572806106,8135.053215456644,scenario_projection_recursive,lyme_prevalence
high_emissions,2059,lyme_cases_per_100k,Lyme prevalence per 100k,8256.884654150694,7978.677872610409,8122.445785492731,scenario_projection_recursive,lyme_prevalence
high_emissions,2060,lyme_cases_per_100k,Lyme prevalence per 100k,8378.009390564352,8256.884654150694,8131.886033189069,scenario_projection_recursive,lyme_prevalence
high_emissions,2061,lyme_cases_per_100k,Lyme prevalence per 100k,8605.948614356486,8378.009390564352,8204.523972441819,scenario_projection_recursive,lyme_prevalence
high_emissions,2062,lyme_cases_per_100k,Lyme prevalence per 100k,8505.408279824485,8605.948614356486,8413.614219690511,scenario_projection_recursive,lyme_prevalence
high_emissions,2063,lyme_cases_per_100k,Lyme prevalence per 100k,8470.477790058705,8505.408279824485,8496.45542824844,scenario_projection_recursive,lyme_prevalence
high_emissions,2064,lyme_cases_per_100k,Lyme prevalence per 100k,8604.049504797384,8470.477790058705,8527.278228079893,scenario_projection_recursive,lyme_prevalence
high_emissions,2065,lyme_cases_per_100k,Lyme prevalence per 100k,8169.015025470468,8604.049504797384,8526.645191560192,scenario_projection_recursive,lyme_prevalence
high_emissions,2066,lyme_cases_per_100k,Lyme prevalence per 100k,8406.19446621607,8169.015025470468,8414.51410677552,scenario_projection_recursive,lyme_prevalence
high_emissions,2067,lyme_cases_per_100k,Lyme prevalence per 100k,8697.043883738093,8406.19446621607,8393.086332161307,scenario_projection_recursive,lyme_prevalence
high_emissions,2068,lyme_cases_per_100k,Lyme prevalence per 100k,8723.303754863222,8697.043883738093,8424.084458474876,scenario_projection_recursive,lyme_prevalence
high_emissions,2069,lyme_cases_per_100k,Lyme prevalence per 100k,8845.730852876442,8723.303754863222,8608.84736827246,scenario_projection_recursive,lyme_prevalence
high_emissions,2070,lyme_cases_per_100k,Lyme prevalence per 100k,8620.403902194412,8845.730852876442,8755.359497159252,scenario_projection_recursive,lyme_prevalence
high_emissions,2071,lyme_cases_per_100k,Lyme prevalence per 100k,8556.098534938335,8620.403902194412,8729.81283664469,scenario_projection_recursive,lyme_prevalence
high_emissions,2072,lyme_cases_per_100k,Lyme prevalence per 100k,8846.332739926867,8556.098534938335,8674.077763336396,scenario_projection_recursive,lyme_prevalence
high_emissions,2073,lyme_cases_per_100k,Lyme prevalence per 100k,8908.177225301366,8846.332739926867,8674.278392353204,scenario_projection_recursive,lyme_prevalence
high_emissions,2074,lyme_cases_per_100k,Lyme prevalence per 100k,9028.6117716615,8908.177225301366,8770.202833388857,scenario_projection_recursive,lyme_prevalence
high_emissions,2075,lyme_cases_per_100k,Lyme prevalence per 100k,9090.903611564156,9028.6117716615,8927.707245629912,scenario_projection_recursive,lyme_prevalence
high_emissions,2076,lyme_cases_per_100k,Lyme prevalence per 100k,9207.282250355856,9090.903611564156,9009.230869509007,scenario_projection_recursive,lyme_prevalence
high_emissions,2077,lyme_cases_per_100k,Lyme prevalence per 100k,9353.106898930528,9207.282250355856,9108.932544527172,scenario_projection_recursive,lyme_prevalence
high_emissions,2078,lyme_cases_per_100k,Lyme prevalence per 100k,9078.531545253329,9353.106898930528,9217.09758695018,scenario_projection_recursive,lyme_prevalence
high_emissions,2079,lyme_cases_per_100k,Lyme prevalence per 100k,8975.745752710123,9078.531545253329,9212.97356484657,scenario_projection_recursive,lyme_prevalence
high_emissions,2080,lyme_cases_per_100k,Lyme prevalence per 100k,9410.147351320491,8975.745752710123,9135.794732297994,scenario_projection_recursive,lyme_prevalence
high_emissions,2081,lyme_cases_per_100k,Lyme prevalence per 100k,9111.804292408973,9410.147351320491,9154.80821642798,scenario_projection_recursive,lyme_prevalence
high_emissions,2082,lyme_cases_per_100k,Lyme prevalence per 100k,9370.840833567418,9111.804292408973,9165.89913214653,scenario_projection_recursive,lyme_prevalence
high_emissions,2083,lyme_cases_per_100k,Lyme prevalence per 100k,9487.583688319924,9370.840833567418,9297.597492432295,scenario_projection_recursive,lyme_prevalence
high_emissions,2084,lyme_cases_per_100k,Lyme prevalence per 100k,9405.73615569459,9487.583688319924,9323.409604765438,scenario_projection_recursive,lyme_prevalence
high_emissions,2085,lyme_cases_per_100k,Lyme prevalence per 100k,9473.09944369338,9405.73615569459,9421.386892527311,scenario_projection_recursive,lyme_prevalence
high_emissions,2086,lyme_cases_per_100k,Lyme prevalence per 100k,9250.045908024456,9473.09944369338,9455.473095902633,scenario_projection_recursive,lyme_prevalence
high_emissions,2087,lyme_cases_per_100k,Lyme prevalence per 100k,9364.05577874322,9250.045908024456,9376.293835804143,scenario_projection_recursive,lyme_prevalence
high_emissions,2088,lyme_cases_per_100k,Lyme prevalence per 100k,9466.76790547239,9364.05577874322,9362.400376820353,scenario_projection_recursive,lyme_prevalence
high_emissions,2089,lyme_cases_per_100k,Lyme prevalence per 100k,9887.225010232345,9466.76790547239,9360.289864080021,scenario_projection_recursive,lyme_prevalence
high_emissions,2090,lyme_cases_per_100k,Lyme prevalence per 100k,9181.789214955821,9887.225010232345,9572.682898149318,scenario_projection_recursive,lyme_prevalence
high_emissions,2091,lyme_cases_per_100k,Lyme prevalence per 100k,9964.27922501758,9181.789214955821,9511.927376886852,scenario_projection_recursive,lyme_prevalence
high_emissions,2092,lyme_cases_per_100k,Lyme prevalence per 100k,10078.828556575027,9964.27922501758,9677.764483401916,scenario_projection_recursive,lyme_prevalence
high_emissions,2093,lyme_cases_per_100k,Lyme prevalence per 100k,10133.196462477004,10078.828556575027,9741.63233218281,scenario_projection_recursive,lyme_prevalence
high_emissions,2094,lyme_cases_per_100k,Lyme prevalence per 100k,9931.901076341726,10133.196462477004,10058.768081356537,scenario_projection_recursive,lyme_prevalence
high_emissions,2095,lyme_cases_per_100k,Lyme prevalence per 100k,10095.338634544469,9931.901076341726,10047.975365131251,scenario_projection_recursive,lyme_prevalence
high_emissions,2096,lyme_cases_per_100k,Lyme prevalence per 100k,9798.033393261421,10095.338634544469,10053.4787244544,scenario_projection_recursive,lyme_prevalence
high_emissions,2097,lyme_cases_per_100k,Lyme prevalence per 100k,10218.743505386472,9798.033393261421,9941.757701382538,scenario_projection_recursive,lyme_prevalence
high_emissions,2098,lyme_cases_per_100k,Lyme prevalence per 100k,10166.128915197358,10218.743505386472,10037.371844397452,scenario_projection_recursive,lyme_prevalence
high_emissions,2099,lyme_cases_per_100k,Lyme prevalence per 100k,10229.044656914471,10166.128915197358,10060.968604615084,scenario_projection_recursive,lyme_prevalence
high_emissions,2100,lyme_cases_per_100k,Lyme prevalence per 100k,9829.116376142258,10229.044656914471,10204.639025832768,scenario_projection_recursive,lyme_prevalence
medium_emissions,2026,lyme_cases_per_100k,Lyme prevalence per 100k,6985.034168743854,7939.903481400254,5693.654599010776,scenario_projection_recursive,lyme_prevalence
medium_emissions,2027,lyme_cases_per_100k,Lyme prevalence per 100k,6962.659118536398,6985.034168743854,6669.2953803249,scenario_projection_recursive,lyme_prevalence
medium_emissions,2028,lyme_cases_per_100k,Lyme prevalence per 100k,6885.52601113644,6962.659118536398,7295.865589560169,scenario_projection_recursive,lyme_prevalence
medium_emissions,2029,lyme_cases_per_100k,Lyme prevalence per 100k,6555.235565439199,6885.52601113644,6944.406432805564,scenario_projection_recursive,lyme_prevalence
medium_emissions,2030,lyme_cases_per_100k,Lyme prevalence per 100k,6908.723278893076,6555.235565439199,6801.140231704012,scenario_projection_recursive,lyme_prevalence
medium_emissions,2031,lyme_cases_per_100k,Lyme prevalence per 100k,7337.558474076674,6908.723278893076,6783.161618489572,scenario_projection_recursive,lyme_prevalence
medium_emissions,2032,lyme_cases_per_100k,Lyme prevalence per 100k,7052.03356595947,7337.558474076674,6933.839106136315,scenario_projection_recursive,lyme_prevalence
medium_emissions,2033,lyme_cases_per_100k,Lyme prevalence per 100k,6805.401129395376,7052.03356595947,7099.438439643073,scenario_projection_recursive,lyme_prevalence
medium_emissions,2034,lyme_cases_per_100k,Lyme prevalence per 100k,7146.263555974397,6805.401129395376,7064.99772314384,scenario_projection_recursive,lyme_prevalence
medium_emissions,2035,lyme_cases_per_100k,Lyme prevalence per 100k,7149.215303978427,7146.263555974397,7001.2327504430805,scenario_projection_recursive,lyme_prevalence
medium_emissions,2036,lyme_cases_per_100k,Lyme prevalence per 100k,7029.197940068067,7149.215303978427,7033.626663116066,scenario_projection_recursive,lyme_prevalence
medium_emissions,2037,lyme_cases_per_100k,Lyme prevalence per 100k,7508.016198930774,7029.197940068067,7108.225600006964,scenario_projection_recursive,lyme_prevalence
medium_emissions,2038,lyme_cases_per_100k,Lyme prevalence per 100k,7071.639090961718,7508.016198930774,7228.809814325756,scenario_projection_recursive,lyme_prevalence
medium_emissions,2039,lyme_cases_per_100k,Lyme prevalence per 100k,7235.182517165391,7071.639090961718,7202.9510766535195,scenario_projection_recursive,lyme_prevalence
medium_emissions,2040,lyme_cases_per_100k,Lyme prevalence per 100k,6800.5251115545825,7235.182517165391,7271.612602352628,scenario_projection_recursive,lyme_prevalence
medium_emissions,2041,lyme_cases_per_100k,Lyme prevalence per 100k,7064.845029473853,6800.5251115545825,7035.782239893898,scenario_projection_recursive,lyme_prevalence
medium_emissions,2042,lyme_cases_per_100k,Lyme prevalence per 100k,6910.798086778607,7064.845029473853,7033.517552731275,scenario_projection_recursive,lyme_prevalence
medium_emissions,2043,lyme_cases_per_100k,Lyme prevalence per 100k,7158.932146322105,6910.798086778607,6925.389409269014,scenario_projection_recursive,lyme_prevalence
medium_emissions,2044,lyme_cases_per_100k,Lyme prevalence per 100k,7256.493455168797,7158.932146322105,7044.858420858189,scenario_projection_recursive,lyme_prevalence
medium_emissions,2045,lyme_cases_per_100k,Lyme prevalence per 100k,7109.710304811522,7256.493455168797,7108.741229423169,scenario_projection_recursive,lyme_prevalence
medium_emissions,2046,lyme_cases_per_100k,Lyme prevalence per 100k,7125.333003317051,7109.710304811522,7175.045302100808,scenario_projection_recursive,lyme_prevalence
medium_emissions,2047,lyme_cases_per_100k,Lyme prevalence per 100k,7236.01455299203,7125.333003317051,7163.845587765791,scenario_projection_recursive,lyme_prevalence
medium_emissions,2048,lyme_cases_per_100k,Lyme prevalence per 100k,7125.872539660224,7236.01455299203,7157.019287040202,scenario_projection_recursive,lyme_prevalence
medium_emissions,2049,lyme_cases_per_100k,Lyme prevalence per 100k,7740.990222853677,7125.872539660224,7162.406698656436,scenario_projection_recursive,lyme_prevalence
medium_emissions,2050,lyme_cases_per_100k,Lyme prevalence per 100k,7448.701690785633,7740.990222853677,7367.625771835311,scenario_projection_recursive,lyme_prevalence
medium_emissions,2051,lyme_cases_per_100k,Lyme prevalence per 100k,7386.210214538258,7448.701690785633,7438.521484433179,scenario_projection_recursive,lyme_prevalence
medium_emissions,2052,lyme_cases_per_100k,Lyme prevalence per 100k,7453.5597799886455,7386.210214538258,7525.300709392523,scenario_projection_recursive,lyme_prevalence
medium_emissions,2053,lyme_cases_per_100k,Lyme prevalence per 100k,7470.609432761739,7453.5597799886455,7429.4905617708455,scenario_projection_recursive,lyme_prevalence
medium_emissions,2054,lyme_cases_per_100k,Lyme prevalence per 100k,7335.625656341854,7470.609432761739,7436.793142429548,scenario_projection_recursive,lyme_prevalence
medium_emissions,2055,lyme_cases_per_100k,Lyme prevalence per 100k,7381.878360384798,7335.625656341854,7419.931623030746,scenario_projection_recursive,lyme_prevalence
medium_emissions,2056,lyme_cases_per_100k,Lyme prevalence per 100k,7479.775373234406,7381.878360384798,7396.03781649613,scenario_projection_recursive,lyme_prevalence
medium_emissions,2057,lyme_cases_per_100k,Lyme prevalence per 100k,7661.9464437864135,7479.775373234406,7399.09312998702,scenario_projection_recursive,lyme_prevalence
medium_emissions,2058,lyme_cases_per_100k,Lyme prevalence per 100k,7674.165176196619,7661.9464437864135,7507.866725801872,scenario_projection_recursive,lyme_prevalence
medium_emissions,2059,lyme_cases_per_100k,Lyme prevalence per 100k,7576.479129977795,7674.165176196619,7605.295664405813,scenario_projection_recursive,lyme_prevalence
medium_emissions,2060,lyme_cases_per_100k,Lyme prevalence per 100k,7355.054102679776,7576.479129977795,7637.530249986943,scenario_projection_recursive,lyme_prevalence
medium_emissions,2061,lyme_cases_per_100k,Lyme prevalence per 100k,7654.742332746166,7355.054102679776,7535.2328029513965,scenario_projection_recursive,lyme_prevalence
medium_emissions,2062,lyme_cases_per_100k,Lyme prevalence per 100k,7704.295058494349,7654.742332746166,7528.758521801246,scenario_projection_recursive,lyme_prevalence
medium_emissions,2063,lyme_cases_per_100k,Lyme prevalence per 100k,7950.132541975818,7704.295058494349,7571.363831306764,scenario_projection_recursive,lyme_prevalence
medium_emissions,2064,lyme_cases_per_100k,Lyme prevalence per 100k,7825.935572209603,7950.132541975818,7769.723311072111,scenario_projection_recursive,lyme_prevalence
medium_emissions,2065,lyme_cases_per_100k,Lyme prevalence per 100k,7456.642966974601,7825.935572209603,7826.78772422659,scenario_projection_recursive,lyme_prevalence
medium_emissions,2066,lyme_cases_per_100k,Lyme prevalence per 100k,7888.379629532124,7456.642966974601,7744.23702705334,scenario_projection_recursive,lyme_prevalence
medium_emissions,2067,lyme_cases_per_100k,Lyme prevalence per 100k,7872.764971790026,7888.379629532124,7723.652722905444,scenario_projection_recursive,lyme_prevalence
medium_emissions,2068,lyme_cases_per_100k,Lyme prevalence per 100k,7876.4796681970165,7872.764971790026,7739.2625227655835,scenario_projection_recursive,lyme_prevalence
medium_emissions,2069,lyme_cases_per_100k,Lyme prevalence per 100k,7787.79768743563,7876.4796681970165,7879.208089839723,scenario_projection_recursive,lyme_prevalence
medium_emissions,2070,lyme_cases_per_100k,Lyme prevalence per 100k,7696.097899688193,7787.79768743563,7845.6807758075565,scenario_projection_recursive,lyme_prevalence
medium_emissions,2071,lyme_cases_per_100k,Lyme prevalence per 100k,7415.79893224864,7696.097899688193,7786.791751773613,scenario_projection_recursive,lyme_prevalence
medium_emissions,2072,lyme_cases_per_100k,Lyme prevalence per 100k,7748.014127080713,7415.79893224864,7633.231506457487,scenario_projection_recursive,lyme_prevalence
medium_emissions,2073,lyme_cases_per_100k,Lyme prevalence per 100k,7685.3610020024735,7748.014127080713,7619.970319672516,scenario_projection_recursive,lyme_prevalence
medium_emissions,2074,lyme_cases_per_100k,Lyme prevalence per 100k,8214.80420874502,7685.3610020024735,7616.391353777275,scenario_projection_recursive,lyme_prevalence
medium_emissions,2075,lyme_cases_per_100k,Lyme prevalence per 100k,7930.499882563854,8214.80420874502,7882.726445942735,scenario_projection_recursive,lyme_prevalence
medium_emissions,2076,lyme_cases_per_100k,Lyme prevalence per 100k,7718.908180507629,7930.499882563854,7943.555031103783,scenario_projection_recursive,lyme_prevalence
medium_emissions,2077,lyme_cases_per_100k,Lyme prevalence per 100k,7656.5187287237895,7718.908180507629,7954.737423938835,scenario_projection_recursive,lyme_prevalence
medium_emissions,2078,lyme_cases_per_100k,Lyme prevalence per 100k,7816.858401517078,7656.5187287237895,7768.642263931758,scenario_projection_recursive,lyme_prevalence
medium_emissions,2079,lyme_cases_per_100k,Lyme prevalence per 100k,7998.441688266314,7816.858401517078,7730.7617702495,scenario_projection_recursive,lyme_prevalence
medium_emissions,2080,lyme_cases_per_100k,Lyme prevalence per 100k,8195.949358767877,7998.441688266314,7823.93960616906,scenario_projection_recursive,lyme_prevalence
medium_emissions,2081,lyme_cases_per_100k,Lyme prevalence per 100k,7756.295789799087,8195.949358767877,8003.749816183757,scenario_projection_recursive,lyme_prevalence
medium_emissions,2082,lyme_cases_per_100k,Lyme prevalence per 100k,7672.184915814412,7756.295789799087,7983.562278944427,scenario_projection_recursive,lyme_prevalence
medium_emissions,2083,lyme_cases_per_100k,Lyme prevalence per 100k,8171.739800757577,7672.184915814412,7874.810021460459,scenario_projection_recursive,lyme_prevalence
medium_emissions,2084,lyme_cases_per_100k,Lyme prevalence per 100k,8191.9251245245505,8171.739800757577,7866.740168790359,scenario_projection_recursive,lyme_prevalence
medium_emissions,2085,lyme_cases_per_100k,Lyme prevalence per 100k,7815.539708404527,8191.9251245245505,8011.94994703218,scenario_projection_recursive,lyme_prevalence
medium_emissions,2086,lyme_cases_per_100k,Lyme prevalence per 100k,7816.876175927326,7815.539708404527,8059.734877895552,scenario_projection_recursive,lyme_prevalence
medium_emissions,2087,lyme_cases_per_100k,Lyme prevalence per 100k,7873.608697535986,7816.876175927326,7941.447002952135,scenario_projection_recursive,lyme_prevalence
medium_emissions,2088,lyme_cases_per_100k,Lyme prevalence per 100k,8331.937861067003,7873.608697535986,7835.341527289279,scenario_projection_recursive,lyme_prevalence
medium_emissions,2089,lyme_cases_per_100k,Lyme prevalence per 100k,7837.173040579647,8331.937861067003,8007.474244843438,scenario_projection_recursive,lyme_prevalence
medium_emissions,2090,lyme_cases_per_100k,Lyme prevalence per 100k,7915.435025508719,7837.173040579647,8014.239866394212,scenario_projection_recursive,lyme_prevalence
medium_emissions,2091,lyme_cases_per_100k,Lyme prevalence per 100k,8315.88778173945,7915.435025508719,8028.181975718457,scenario_projection_recursive,lyme_prevalence
medium_emissions,2092,lyme_cases_per_100k,Lyme prevalence per 100k,7858.563730354679,8315.88778173945,8022.831949275939,scenario_projection_recursive,lyme_prevalence
medium_emissions,2093,lyme_cases_per_100k,Lyme prevalence per 100k,7828.658354984641,7858.563730354679,8029.962179200949,scenario_projection_recursive,lyme_prevalence
medium_emissions,2094,lyme_cases_per_100k,Lyme prevalence per 100k,7984.704424063464,7828.658354984641,8001.036622359589,scenario_projection_recursive,lyme_prevalence
medium_emissions,2095,lyme_cases_per_100k,Lyme prevalence per 100k,7774.095117205081,7984.704424063464,7890.642169800928,scenario_projection_recursive,lyme_prevalence
medium_emissions,2096,lyme_cases_per_100k,Lyme prevalence per 100k,8160.234283645865,7774.095117205081,7862.485965417728,scenario_projection_recursive,lyme_prevalence
medium_emissions,2097,lyme_cases_per_100k,Lyme prevalence per 100k,8135.464476645866,8160.234283645865,7973.011274971471,scenario_projection_recursive,lyme_prevalence
medium_emissions,2098,lyme_cases_per_100k,Lyme prevalence per 100k,8117.714608307195,8135.464476645866,8023.264625832271,scenario_projection_recursive,lyme_prevalence
medium_emissions,2099,lyme_cases_per_100k,Lyme prevalence per 100k,8133.126145121558,8117.714608307195,8137.804456199642,scenario_projection_recursive,lyme_prevalence
medium_emissions,2100,lyme_cases_per_100k,Lyme prevalence per 100k,7974.373339060532,8133.126145121558,8128.768410024873,scenario_projection_recursive,lyme_prevalence
high_emissions,2026,kme_cases_per_100k,KME prevalence per 100k,190.7332325106725,127.0130530917857,124.90479710507212,scenario_projection_recursive,kme_prevalence
high_emissions,2027,kme_cases_per_100k,KME prevalence per 100k,187.4757277363193,190.7332325106725,154.5842324762386,scenario_projection_recursive,kme_prevalence
high_emissions,2028,kme_cases_per_100k,KME prevalence per 100k,179.2833475575701,187.4757277363193,168.4073377795925,scenario_projection_recursive,kme_prevalence
high_emissions,2029,kme_cases_per_100k,KME prevalence per 100k,182.26829050250998,179.2833475575701,185.8307692681873,scenario_projection_recursive,kme_prevalence
high_emissions,2030,kme_cases_per_100k,KME prevalence per 100k,186.7637170331788,182.26829050250998,183.00912193213313,scenario_projection_recursive,kme_prevalence
high_emissions,2031,kme_cases_per_100k,KME prevalence per 100k,186.51244881853162,186.7637170331788,182.7717850310863,scenario_projection_recursive,kme_prevalence
high_emissions,2032,kme_cases_per_100k,KME prevalence per 100k,196.66535038654965,186.51244881853162,185.18148545140681,scenario_projection_recursive,kme_prevalence
high_emissions,2033,kme_cases_per_100k,KME prevalence per 100k,189.01423709340065,196.66535038654965,189.98050541275336,scenario_projection_recursive,kme_prevalence
high_emissions,2034,kme_cases_per_100k,KME prevalence per 100k,205.81676861462515,189.01423709340065,190.73067876616065,scenario_projection_recursive,kme_prevalence
high_emissions,2035,kme_cases_per_100k,KME prevalence per 100k,189.5272028157017,205.81676861462515,197.16545203152518,scenario_projection_recursive,kme_prevalence
high_emissions,2036,kme_cases_per_100k,KME prevalence per 100k,190.11788358061492,189.5272028157017,194.78606950790916,scenario_projection_recursive,kme_prevalence
high_emissions,2037,kme_cases_per_100k,KME prevalence per 100k,203.45136981008926,190.11788358061492,195.15395167031394,scenario_projection_recursive,kme_prevalence
high_emissions,2038,kme_cases_per_100k,KME prevalence per 100k,200.864084125935,203.45136981008926,194.36548540213528,scenario_projection_recursive,kme_prevalence
high_emissions,2039,kme_cases_per_100k,KME prevalence per 100k,209.23540714394449,200.864084125935,198.14444583887973,scenario_projection_recursive,kme_prevalence
high_emissions,2040,kme_cases_per_100k,KME prevalence per 100k,192.01772039231275,209.23540714394449,204.5169536933229,scenario_projection_recursive,kme_prevalence
high_emissions,2041,kme_cases_per_100k,KME prevalence per 100k,203.4996871577397,192.01772039231275,200.70573722073073,scenario_projection_recursive,kme_prevalence
high_emissions,2042,kme_cases_per_100k,KME prevalence per 100k,198.7193411188844,203.4996871577397,201.58427156466564,scenario_projection_recursive,kme_prevalence
high_emissions,2043,kme_cases_per_100k,KME prevalence per 100k,200.61084436252094,198.7193411188844,198.07891622297893,scenario_projection_recursive,kme_prevalence
high_emissions,2044,kme_cases_per_100k,KME prevalence per 100k,196.0524995635828,200.61084436252094,200.94329087971502,scenario_projection_recursive,kme_prevalence
high_emissions,2045,kme_cases_per_100k,KME prevalence per 100k,200.162579185889,196.0524995635828,198.46089501499603,scenario_projection_recursive,kme_prevalence
high_emissions,2046,kme_cases_per_100k,KME prevalence per 100k,203.23980125832375,200.162579185889,198.94197437066427,scenario_projection_recursive,kme_prevalence
high_emissions,2047,kme_cases_per_100k,KME prevalence per 100k,204.5386602857789,203.23980125832375,199.81829333593188,scenario_projection_recursive,kme_prevalence
high_emissions,2048,kme_cases_per_100k,KME prevalence per 100k,200.23724131784206,204.5386602857789,202.64701357666388,scenario_projection_recursive,kme_prevalence
high_emissions,2049,kme_cases_per_100k,KME prevalence per 100k,199.8357669337767,200.23724131784206,202.67190095398155,scenario_projection_recursive,kme_prevalence
high_emissions,2050,kme_cases_per_100k,KME prevalence per 100k,209.79661975240418,199.8357669337767,201.53722284579922,scenario_projection_recursive,kme_prevalence
high_emissions,2051,kme_cases_per_100k,KME prevalence per 100k,208.98351067400674,209.79661975240418,203.28987600134099,scenario_projection_recursive,kme_prevalence
high_emissions,2052,kme_cases_per_100k,KME prevalence per 100k,211.95399312990557,208.98351067400674,206.2052991200625,scenario_projection_recursive,kme_prevalence
high_emissions,2053,kme_cases_per_100k,KME prevalence per 100k,208.47824018764078,211.95399312990557,210.2447078521055,scenario_projection_recursive,kme_prevalence
high_emissions,2054,kme_cases_per_100k,KME prevalence per 100k,207.6667345979219,208.47824018764078,209.80524799718435,scenario_projection_recursive,kme_prevalence
high_emissions,2055,kme_cases_per_100k,KME prevalence per 100k,211.94574587958107,207.6667345979219,209.36632263848944,scenario_projection_recursive,kme_prevalence
high_emissions,2056,kme_cases_per_100k,KME prevalence per 100k,218.06362105877525,211.94574587958107,209.3635735550479,scenario_projection_recursive,kme_prevalence
high_emissions,2057,kme_cases_per_100k,KME prevalence per 100k,215.7837790672739,218.06362105877525,212.55870051209274,scenario_projection_recursive,kme_prevalence
high_emissions,2058,kme_cases_per_100k,KME prevalence per 100k,210.3805300146806,215.7837790672739,215.26438200187673,scenario_projection_recursive,kme_prevalence
high_emissions,2059,kme_cases_per_100k,KME prevalence per 100k,218.35345557653864,210.3805300146806,214.74264338024327,scenario_projection_recursive,kme_prevalence
high_emissions,2060,kme_cases_per_100k,KME prevalence per 100k,222.02244080361493,218.35345557653864,214.8392548861644,scenario_projection_recursive,kme_prevalence
high_emissions,2061,kme_cases_per_100k,KME prevalence per 100k,228.28541096183923,222.02244080361493,216.91880879827806,scenario_projection_recursive,kme_prevalence
high_emissions,2062,kme_cases_per_100k,KME prevalence per 100k,224.34828698827295,228.28541096183923,222.88710244733093,scenario_projection_recursive,kme_prevalence
high_emissions,2063,kme_cases_per_100k,KME prevalence per 100k,223.2967940406422,224.34828698827295,224.8853795845757,scenario_projection_recursive,kme_prevalence
high_emissions,2064,kme_cases_per_100k,KME prevalence per 100k,227.8771915515128,223.2967940406422,225.31016399691813,scenario_projection_recursive,kme_prevalence
high_emissions,2065,kme_cases_per_100k,KME prevalence per 100k,215.0673976830289,227.8771915515128,225.17409086014263,scenario_projection_recursive,kme_prevalence
high_emissions,2066,kme_cases_per_100k,KME prevalence per 100k,221.87575844592521,215.0673976830289,222.08046109172798,scenario_projection_recursive,kme_prevalence
high_emissions,2067,kme_cases_per_100k,KME prevalence per 100k,230.23923253281143,221.87575844592521,221.60678256015566,scenario_projection_recursive,kme_prevalence
high_emissions,2068,kme_cases_per_100k,KME prevalence per 100k,230.62866723121903,230.23923253281143,222.39412955392186,scenario_projection_recursive,kme_prevalence
high_emissions,2069,kme_cases_per_100k,KME prevalence per 100k,233.58772190304805,230.62866723121903,227.58121940331853,scenario_projection_recursive,kme_prevalence
high_emissions,2070,kme_cases_per_100k,KME prevalence per 100k,226.90482063311117,233.58772190304805,231.4852072223595,scenario_projection_recursive,kme_prevalence
high_emissions,2071,kme_cases_per_100k,KME prevalence per 100k,225.2683057718275,226.90482063311117,230.3737365891261,scenario_projection_recursive,kme_prevalence
high_emissions,2072,kme_cases_per_100k,KME prevalence per 100k,233.68617919069,225.2683057718275,228.5869494359956,scenario_projection_recursive,kme_prevalence
high_emissions,2073,kme_cases_per_100k,KME prevalence per 100k,235.40290187057917,233.68617919069,228.61976853187625,scenario_projection_recursive,kme_prevalence
high_emissions,2074,kme_cases_per_100k,KME prevalence per 100k,237.9499866804898,235.40290187057917,231.4524622776989,scenario_projection_recursive,kme_prevalence
high_emissions,2075,kme_cases_per_100k,KME prevalence per 100k,239.51777003718294,237.9499866804898,235.679689247253,scenario_projection_recursive,kme_prevalence
high_emissions,2076,kme_cases_per_100k,KME prevalence per 100k,243.0258233029839,239.51777003718294,237.62355286275064,scenario_projection_recursive,kme_prevalence
high_emissions,2077,kme_cases_per_100k,KME prevalence per 100k,246.6454145063003,243.0258233029839,240.16452667355222,scenario_projection_recursive,kme_prevalence
high_emissions,2078,kme_cases_per_100k,KME prevalence per 100k,238.34435218355995,246.6454145063003,243.06300261548904,scenario_projection_recursive,kme_prevalence
high_emissions,2079,kme_cases_per_100k,KME prevalence per 100k,235.3242934209713,238.34435218355995,242.67186333094807,scenario_projection_recursive,kme_prevalence
high_emissions,2080,kme_cases_per_100k,KME prevalence per 100k,248.62192523797154,235.3242934209713,240.1046867036105,scenario_projection_recursive,kme_prevalence
high_emissions,2081,kme_cases_per_100k,KME prevalence per 100k,239.5572702064247,248.62192523797154,240.7635236141676,scenario_projection_recursive,kme_prevalence
high_emissions,2082,kme_cases_per_100k,KME prevalence per 100k,246.8254428098827,239.5572702064247,241.16782962178914,scenario_projection_recursive,kme_prevalence
high_emissions,2083,kme_cases_per_100k,KME prevalence per 100k,249.4468371042007,246.8254428098827,245.00154608475964,scenario_projection_recursive,kme_prevalence
high_emissions,2084,kme_cases_per_100k,KME prevalence per 100k,247.22258719270025,249.4468371042007,245.27651670683602,scenario_projection_recursive,kme_prevalence
high_emissions,2085,kme_cases_per_100k,KME prevalence per 100k,248.8352688698708,247.22258719270025,247.8316223689279,scenario_projection_recursive,kme_prevalence
high_emissions,2086,kme_cases_per_100k,KME prevalence per 100k,242.5537543038767,248.8352688698708,248.50156438892392,scenario_projection_recursive,kme_prevalence
high_emissions,2087,kme_cases_per_100k,KME prevalence per 100k,246.38038713253673,242.5537543038767,246.20387012214925,scenario_projection_recursive,kme_prevalence
high_emissions,2088,kme_cases_per_100k,KME prevalence per 100k,249.0251790555911,246.38038713253673,245.92313676876142,scenario_projection_recursive,kme_prevalence
high_emissions,2089,kme_cases_per_100k,KME prevalence per 100k,260.65425494288206,249.0251790555911,245.9864401640015,scenario_projection_recursive,kme_prevalence
high_emissions,2090,kme_cases_per_100k,KME prevalence per 100k,240.0041784729865,260.65425494288206,252.0199403770033,scenario_projection_recursive,kme_prevalence
high_emissions,2091,kme_cases_per_100k,KME prevalence per 100k,262.4478189105731,240.0041784729865,249.89453749048656,scenario_projection_recursive,kme_prevalence
high_emissions,2092,kme_cases_per_100k,KME prevalence per 100k,265.37632088977534,262.4478189105731,254.36875077548055,scenario_projection_recursive,kme_prevalence
high_emissions,2093,kme_cases_per_100k,KME prevalence per 100k,266.59809805220965,265.37632088977534,255.94277275777833,scenario_projection_recursive,kme_prevalence
high_emissions,2094,kme_cases_per_100k,KME prevalence per 100k,260.29539475950435,266.59809805220965,264.8074126175194,scenario_projection_recursive,kme_prevalence
high_emissions,2095,kme_cases_per_100k,KME prevalence per 100k,265.06930377981155,260.29539475950435,264.0899379004964,scenario_projection_recursive,kme_prevalence
high_emissions,2096,kme_cases_per_100k,KME prevalence per 100k,256.831582768676,265.06930377981155,263.98759886384187,scenario_projection_recursive,kme_prevalence
high_emissions,2097,kme_cases_per_100k,KME prevalence per 100k,269.10286867192656,256.831582768676,260.7320937693306,scenario_projection_recursive,kme_prevalence
high_emissions,2098,kme_cases_per_100k,KME prevalence per 100k,267.2808847685762,269.10286867192656,263.6679184068047,scenario_projection_recursive,kme_prevalence
high_emissions,2099,kme_cases_per_100k,KME prevalence per 100k,268.69672025285433,267.2808847685762,264.4051120697263,scenario_projection_recursive,kme_prevalence
high_emissions,2100,kme_cases_per_100k,KME prevalence per 100k,256.7519743269292,268.69672025285433,268.36015789778565,scenario_projection_recursive,kme_prevalence
medium_emissions,2026,kme_cases_per_100k,KME prevalence per 100k,191.6980548089992,127.0130530917857,124.90479710507212,scenario_projection_recursive,kme_prevalence
medium_emissions,2027,kme_cases_per_100k,KME prevalence per 100k,187.36170333102768,191.6980548089992,154.90583990901416,scenario_projection_recursive,kme_prevalence
medium_emissions,2028,kme_cases_per_100k,KME prevalence per 100k,184.27363437711398,187.36170333102768,168.69093707727086,scenario_projection_recursive,kme_prevalence
medium_emissions,2029,kme_cases_per_100k,KME prevalence per 100k,173.6762774218951,184.27363437711398,187.7777975057136,scenario_projection_recursive,kme_prevalence
medium_emissions,2030,kme_cases_per_100k,KME prevalence per 100k,184.0786903378387,173.6762774218951,181.77053837667893,scenario_projection_recursive,kme_prevalence
medium_emissions,2031,kme_cases_per_100k,KME prevalence per 100k,195.89086002726674,184.0786903378387,180.6762007122826,scenario_projection_recursive,kme_prevalence
medium_emissions,2032,kme_cases_per_100k,KME prevalence per 100k,187.56583819587263,195.89086002726674,184.54860926233349,scenario_projection_recursive,kme_prevalence
medium_emissions,2033,kme_cases_per_100k,KME prevalence per 100k,180.2898499286812,187.56583819587263,189.17846285365934,scenario_projection_recursive,kme_prevalence
medium_emissions,2034,kme_cases_per_100k,KME prevalence per 100k,189.83947401286923,180.2898499286812,187.91551605060684,scenario_projection_recursive,kme_prevalence
medium_emissions,2035,kme_cases_per_100k,KME prevalence per 100k,190.04035748526925,189.83947401286923,185.898387379141,scenario_projection_recursive,kme_prevalence
medium_emissions,2036,kme_cases_per_100k,KME prevalence per 100k,186.76079252653113,190.04035748526925,186.72322714227323,scenario_projection_recursive,kme_prevalence
medium_emissions,2037,kme_cases_per_100k,KME prevalence per 100k,200.0933693581122,186.76079252653113,188.8802080082232,scenario_projection_recursive,kme_prevalence
medium_emissions,2038,kme_cases_per_100k,KME prevalence per 100k,187.44928739729966,200.0933693581122,192.2981731233042,scenario_projection_recursive,kme_prevalence
medium_emissions,2039,kme_cases_per_100k,KME prevalence per 100k,191.74757083939747,187.44928739729966,191.43448309398096,scenario_projection_recursive,kme_prevalence
medium_emissions,2040,kme_cases_per_100k,KME prevalence per 100k,179.26424374826215,191.74757083939747,193.09674253160313,scenario_projection_recursive,kme_prevalence
medium_emissions,2041,kme_cases_per_100k,KME prevalence per 100k,187.50704114904767,179.26424374826215,186.15370066165306,scenario_projection_recursive,kme_prevalence
medium_emissions,2042,kme_cases_per_100k,KME prevalence per 100k,183.1977194073591,187.50704114904767,186.17295191223573,scenario_projection_recursive,kme_prevalence
medium_emissions,2043,kme_cases_per_100k,KME prevalence per 100k,191.10576494937374,183.1977194073591,183.32300143488965,scenario_projection_recursive,kme_prevalence
medium_emissions,2044,kme_cases_per_100k,KME prevalence per 100k,193.25355066469086,191.10576494937374,187.2701751685935,scenario_projection_recursive,kme_prevalence
medium_emissions,2045,kme_cases_per_100k,KME prevalence per 100k,188.07468777874757,193.25355066469086,189.18567834047454,scenario_projection_recursive,kme_prevalence
medium_emissions,2046,kme_cases_per_100k,KME prevalence per 100k,188.34413950954698,188.07468777874757,190.81133446427074,scenario_projection_recursive,kme_prevalence
medium_emissions,2047,kme_cases_per_100k,KME prevalence per 100k,192.17386521076585,188.34413950954698,189.89079265099517,scenario_projection_recursive,kme_prevalence
medium_emissions,2048,kme_cases_per_100k,KME prevalence per 100k,188.47283479766207,192.17386521076585,189.5308974996868,scenario_projection_recursive,kme_prevalence
medium_emissions,2049,kme_cases_per_100k,KME prevalence per 100k,207.00145502055545,188.47283479766207,189.6636131726583,scenario_projection_recursive,kme_prevalence
medium_emissions,2050,kme_cases_per_100k,KME prevalence per 100k,197.18655938069918,207.00145502055545,195.88271834299448,scenario_projection_recursive,kme_prevalence
medium_emissions,2051,kme_cases_per_100k,KME prevalence per 100k,195.45305900615057,197.18655938069918,197.5536163996389,scenario_projection_recursive,kme_prevalence
medium_emissions,2052,kme_cases_per_100k,KME prevalence per 100k,197.74007531830142,195.45305900615057,199.8803578024684,scenario_projection_recursive,kme_prevalence
medium_emissions,2053,kme_cases_per_100k,KME prevalence per 100k,197.949811821409,197.74007531830142,196.79323123505037,scenario_projection_recursive,kme_prevalence
medium_emissions,2054,kme_cases_per_100k,KME prevalence per 100k,194.09067498771918,197.949811821409,197.047648715287,scenario_projection_recursive,kme_prevalence
medium_emissions,2055,kme_cases_per_100k,KME prevalence per 100k,194.8298996008392,194.09067498771918,196.59352070914323,scenario_projection_recursive,kme_prevalence
medium_emissions,2056,kme_cases_per_100k,KME prevalence per 100k,198.08425914416517,194.8298996008392,195.6234621366558,scenario_projection_recursive,kme_prevalence
medium_emissions,2057,kme_cases_per_100k,KME prevalence per 100k,204.60615836923273,198.08425914416517,195.66827791090785,scenario_projection_recursive,kme_prevalence
medium_emissions,2058,kme_cases_per_100k,KME prevalence per 100k,204.06609160412265,204.60615836923273,199.173439038079,scenario_projection_recursive,kme_prevalence
medium_emissions,2059,kme_cases_per_100k,KME prevalence per 100k,200.50216886335897,204.06609160412265,202.2521697058402,scenario_projection_recursive,kme_prevalence
medium_emissions,2060,kme_cases_per_100k,KME prevalence per 100k,194.0442223730152,200.50216886335897,203.05813961223814,scenario_projection_recursive,kme_prevalence
medium_emissions,2061,kme_cases_per_100k,KME prevalence per 100k,203.08990396741663,194.0442223730152,199.5374942801656,scenario_projection_recursive,kme_prevalence
medium_emissions,2062,kme_cases_per_100k,KME prevalence per 100k,203.87362673227855,203.08990396741663,199.2120984012636,scenario_projection_recursive,kme_prevalence
medium_emissions,2063,kme_cases_per_100k,KME prevalence per 100k,210.72075712617368,203.87362673227855,200.33591769090344,scenario_projection_recursive,kme_prevalence
medium_emissions,2064,kme_cases_per_100k,KME prevalence per 100k,206.92026615305718,210.72075712617368,205.89476260862295,scenario_projection_recursive,kme_prevalence
medium_emissions,2065,kme_cases_per_100k,KME prevalence per 100k,196.62601586838855,206.92026615305718,207.17155000383647,scenario_projection_recursive,kme_prevalence
medium_emissions,2066,kme_cases_per_100k,KME prevalence per 100k,208.79390614999068,196.62601586838855,204.75567971587316,scenario_projection_recursive,kme_prevalence
medium_emissions,2067,kme_cases_per_100k,KME prevalence per 100k,208.2912651239363,208.79390614999068,204.11339605714548,scenario_projection_recursive,kme_prevalence
medium_emissions,2068,kme_cases_per_100k,KME prevalence per 100k,208.76638502618374,208.2912651239363,204.5703957141052,scenario_projection_recursive,kme_prevalence
medium_emissions,2069,kme_cases_per_100k,KME prevalence per 100k,206.0113397508632,208.76638502618374,208.61718543337022,scenario_projection_recursive,kme_prevalence
medium_emissions,2070,kme_cases_per_100k,KME prevalence per 100k,203.66964644464753,206.0113397508632,207.68966330032777,scenario_projection_recursive,kme_prevalence
medium_emissions,2071,kme_cases_per_100k,KME prevalence per 100k,195.55857736801553,203.66964644464753,206.14912374056485,scenario_projection_recursive,kme_prevalence
medium_emissions,2072,kme_cases_per_100k,KME prevalence per 100k,205.22737045509106,195.55857736801553,201.74652118784206,scenario_projection_recursive,kme_prevalence
medium_emissions,2073,kme_cases_per_100k,KME prevalence per 100k,204.1235748760982,205.22737045509106,201.48519808925138,scenario_projection_recursive,kme_prevalence
medium_emissions,2074,kme_cases_per_100k,KME prevalence per 100k,218.87074107041767,204.1235748760982,201.6365075664016,scenario_projection_recursive,kme_prevalence
medium_emissions,2075,kme_cases_per_100k,KME prevalence per 100k,209.90970853289883,218.87074107041767,209.40722880053565,scenario_projection_recursive,kme_prevalence
medium_emissions,2076,kme_cases_per_100k,KME prevalence per 100k,203.92310466571777,209.90970853289883,210.96800815980487,scenario_projection_recursive,kme_prevalence
medium_emissions,2077,kme_cases_per_100k,KME prevalence per 100k,202.20524698815055,203.92310466571777,210.90118475634475,scenario_projection_recursive,kme_prevalence
medium_emissions,2078,kme_cases_per_100k,KME prevalence per 100k,207.49015501939246,202.20524698815055,205.3460200622557,scenario_projection_recursive,kme_prevalence
medium_emissions,2079,kme_cases_per_100k,KME prevalence per 100k,212.27312019068705,207.49015501939246,204.53950222442026,scenario_projection_recursive,kme_prevalence
medium_emissions,2080,kme_cases_per_100k,KME prevalence per 100k,216.9124826345616,212.27312019068705,207.32284073274334,scenario_projection_recursive,kme_prevalence
medium_emissions,2081,kme_cases_per_100k,KME prevalence per 100k,204.671961305611,216.9124826345616,212.22525261488036,scenario_projection_recursive,kme_prevalence
medium_emissions,2082,kme_cases_per_100k,KME prevalence per 100k,202.3341366935383,204.671961305611,211.28585471028654,scenario_projection_recursive,kme_prevalence
medium_emissions,2083,kme_cases_per_100k,KME prevalence per 100k,216.93697166982355,202.3341366935383,207.97286021123696,scenario_projection_recursive,kme_prevalence
medium_emissions,2084,kme_cases_per_100k,KME prevalence per 100k,217.32276249978332,216.93697166982355,207.98102322299096,scenario_projection_recursive,kme_prevalence
medium_emissions,2085,kme_cases_per_100k,KME prevalence per 100k,206.59477762228812,217.32276249978332,212.19795695438174,scenario_projection_recursive,kme_prevalence
medium_emissions,2086,kme_cases_per_100k,KME prevalence per 100k,205.94771075648782,206.59477762228812,213.61817059729833,scenario_projection_recursive,kme_prevalence
medium_emissions,2087,kme_cases_per_100k,KME prevalence per 100k,207.47859580134678,205.94771075648782,209.9550836261864,scenario_projection_recursive,kme_prevalence
medium_emissions,2088,kme_cases_per_100k,KME prevalence per 100k,220.88759258439632,207.47859580134678,206.67369472670757,scenario_projection_recursive,kme_prevalence
medium_emissions,2089,kme_cases_per_100k,KME prevalence per 100k,207.22906099615034,220.88759258439632,211.43796638074363,scenario_projection_recursive,kme_prevalence
medium_emissions,2090,kme_cases_per_100k,KME prevalence per 100k,208.92546342841263,207.22906099615034,211.8650831272978,scenario_projection_recursive,kme_prevalence
medium_emissions,2091,kme_cases_per_100k,KME prevalence per 100k,220.60067744007182,208.92546342841263,212.34737233631975,scenario_projection_recursive,kme_prevalence
medium_emissions,2092,kme_cases_per_100k,KME prevalence per 100k,206.8817426422325,220.60067744007182,212.25173395487823,scenario_projection_recursive,kme_prevalence
medium_emissions,2093,kme_cases_per_100k,KME prevalence per 100k,206.39553445809057,206.8817426422325,212.13596117023897,scenario_projection_recursive,kme_prevalence
medium_emissions,2094,kme_cases_per_100k,KME prevalence per 100k,211.0817586257661,206.39553445809057,211.292651513465,scenario_projection_recursive,kme_prevalence
medium_emissions,2095,kme_cases_per_100k,KME prevalence per 100k,205.6703198293403,211.0817586257661,208.11967857536305,scenario_projection_recursive,kme_prevalence
medium_emissions,2096,kme_cases_per_100k,KME prevalence per 100k,216.96509587521643,205.6703198293403,207.71587097106564,scenario_projection_recursive,kme_prevalence
medium_emissions,2097,kme_cases_per_100k,KME prevalence per 100k,215.63965022691417,216.96509587521643,211.23905811010764,scenario_projection_recursive,kme_prevalence
medium_emissions,2098,kme_cases_per_100k,KME prevalence per 100k,215.42208553125099,215.63965022691417,212.7583553104903,scenario_projection_recursive,kme_prevalence
medium_emissions,2099,kme_cases_per_100k,KME prevalence per 100k,214.94938517919928,215.42208553125099,216.00894387779385,scenario_projection_recursive,kme_prevalence
medium_emissions,2100,kme_cases_per_100k,KME prevalence per 100k,210.70948843963407,214.94938517919928,215.33704031245483,scenario_projection_recursive,kme_prevalence
high_emissions,2026,tick_borne_cases_total_per_100k,Combined tick-borne prevalence per 100k,7110.5989516162645,8066.91653449204,5818.559396115847,scenario_projection_recursive,combined_prevalence
high_emissions,2027,tick_borne_cases_total_per_100k,Combined tick-borne prevalence per 100k,7137.740110984134,7110.5989516162645,6802.156796255052,scenario_projection_recursive,combined_prevalence
high_emissions,2028,tick_borne_cases_total_per_100k,Combined tick-borne prevalence per 100k,6902.529552603382,7137.740110984134,7438.418532364146,scenario_projection_recursive,combined_prevalence
high_emissions,2029,tick_borne_cases_total_per_100k,Combined tick-borne prevalence per 100k,7038.491686921922,6902.529552603382,7050.28953840126,scenario_projection_recursive,combined_prevalence
high_emissions,2030,tick_borne_cases_total_per_100k,Combined tick-borne prevalence per 100k,7186.213438550279,7038.491686921922,7026.253783503146,scenario_projection_recursive,combined_prevalence
high_emissions,2031,tick_borne_cases_total_per_100k,Combined tick-borne prevalence per 100k,7193.211743273074,7186.213438550279,7042.4115593585275,scenario_projection_recursive,combined_prevalence
high_emissions,2032,tick_borne_cases_total_per_100k,Combined tick-borne prevalence per 100k,7575.4161401671445,7193.211743273074,7139.3056229150925,scenario_projection_recursive,combined_prevalence
high_emissions,2033,tick_borne_cases_total_per_100k,Combined tick-borne prevalence per 100k,7318.158900945338,7575.4161401671445,7318.2804406635,scenario_projection_recursive,combined_prevalence
high_emissions,2034,tick_borne_cases_total_per_100k,Combined tick-borne prevalence per 100k,7935.407611591861,7318.158900945338,7362.262261461852,scenario_projection_recursive,combined_prevalence
high_emissions,2035,tick_borne_cases_total_per_100k,Combined tick-borne prevalence per 100k,7367.025467555791,7935.407611591861,7609.660884234781,scenario_projection_recursive,combined_prevalence
high_emissions,2036,tick_borne_cases_total_per_100k,Combined tick-borne prevalence per 100k,7362.2490857197845,7367.025467555791,7540.197326697664,scenario_projection_recursive,combined_prevalence
high_emissions,2037,tick_borne_cases_total_per_100k,Combined tick-borne prevalence per 100k,7843.507781563749,7362.2490857197845,7554.894054955813,scenario_projection_recursive,combined_prevalence
high_emissions,2038,tick_borne_cases_total_per_100k,Combined tick-borne prevalence per 100k,7769.004076738495,7843.507781563749,7524.260778279775,scenario_projection_recursive,combined_prevalence
high_emissions,2039,tick_borne_cases_total_per_100k,Combined tick-borne prevalence per 100k,8079.267682604328,7769.004076738495,7658.253648007343,scenario_projection_recursive,combined_prevalence
high_emissions,2040,tick_borne_cases_total_per_100k,Combined tick-borne prevalence per 100k,7480.862843139644,8079.267682604328,7897.259846968857,scenario_projection_recursive,combined_prevalence
high_emissions,2041,tick_borne_cases_total_per_100k,Combined tick-borne prevalence per 100k,7881.849284057284,7480.862843139644,7776.378200827489,scenario_projection_recursive,combined_prevalence
high_emissions,2042,tick_borne_cases_total_per_100k,Combined tick-borne prevalence per 100k,7716.62098948099,7881.849284057284,7813.993269933751,scenario_projection_recursive,combined_prevalence
high_emissions,2043,tick_borne_cases_total_per_100k,Combined tick-borne prevalence per 100k,7759.804967667929,7716.62098948099,7693.111038892639,scenario_projection_recursive,combined_prevalence
high_emissions,2044,tick_borne_cases_total_per_100k,Combined tick-borne prevalence per 100k,7608.467378358682,7759.804967667929,7786.091747068735,scenario_projection_recursive,combined_prevalence
high_emissions,2045,tick_borne_cases_total_per_100k,Combined tick-borne prevalence per 100k,7733.34305745482,7608.467378358682,7694.9644451692,scenario_projection_recursive,combined_prevalence
high_emissions,2046,tick_borne_cases_total_per_100k,Combined tick-borne prevalence per 100k,7869.800296197578,7733.34305745482,7700.538467827144,scenario_projection_recursive,combined_prevalence
high_emissions,2047,tick_borne_cases_total_per_100k,Combined tick-borne prevalence per 100k,7903.381468179603,7869.800296197578,7737.203577337027,scenario_projection_recursive,combined_prevalence
high_emissions,2048,tick_borne_cases_total_per_100k,Combined tick-borne prevalence per 100k,7745.6780418627295,7903.381468179603,7835.508273944,scenario_projection_recursive,combined_prevalence
high_emissions,2049,tick_borne_cases_total_per_100k,Combined tick-borne prevalence per 100k,7758.749799925499,7745.6780418627295,7839.619935413303,scenario_projection_recursive,combined_prevalence
high_emissions,2050,tick_borne_cases_total_per_100k,Combined tick-borne prevalence per 100k,8116.399310625227,7758.749799925499,7802.60310332261,scenario_projection_recursive,combined_prevalence
high_emissions,2051,tick_borne_cases_total_per_100k,Combined tick-borne prevalence per 100k,8092.964226624448,8116.399310625227,7873.6090508044845,scenario_projection_recursive,combined_prevalence
high_emissions,2052,tick_borne_cases_total_per_100k,Combined tick-borne prevalence per 100k,8211.512535086651,8092.964226624448,7989.371112391725,scenario_projection_recursive,combined_prevalence
high_emissions,2053,tick_borne_cases_total_per_100k,Combined tick-borne prevalence per 100k,8085.446638752037,8211.512535086651,8140.292024112109,scenario_projection_recursive,combined_prevalence
high_emissions,2054,tick_borne_cases_total_per_100k,Combined tick-borne prevalence per 100k,8065.0586601065215,8085.446638752037,8129.974466821045,scenario_projection_recursive,combined_prevalence
high_emissions,2055,tick_borne_cases_total_per_100k,Combined tick-borne prevalence per 100k,8230.49473910941,8065.0586601065215,8120.67261131507,scenario_projection_recursive,combined_prevalence
high_emissions,2056,tick_borne_cases_total_per_100k,Combined tick-borne prevalence per 100k,8448.7351713123,8230.49473910941,8127.00001265599,scenario_projection_recursive,combined_prevalence
high_emissions,2057,tick_borne_cases_total_per_100k,Combined tick-borne prevalence per 100k,8378.052198184443,8448.7351713123,8248.096190176077,scenario_projection_recursive,combined_prevalence
high_emissions,2058,tick_borne_cases_total_per_100k,Combined tick-borne prevalence per 100k,8191.202038487253,8378.052198184443,8352.427369535384,scenario_projection_recursive,combined_prevalence
high_emissions,2059,tick_borne_cases_total_per_100k,Combined tick-borne prevalence per 100k,8477.420611377913,8191.202038487253,8339.329802661332,scenario_projection_recursive,combined_prevalence
high_emissions,2060,tick_borne_cases_total_per_100k,Combined tick-borne prevalence per 100k,8602.25310647109,8477.420611377913,8348.891616016537,scenario_projection_recursive,combined_prevalence
high_emissions,2061,tick_borne_cases_total_per_100k,Combined tick-borne prevalence per 100k,8836.638061752954,8602.25310647109,8423.625252112084,scenario_projection_recursive,combined_prevalence
high_emissions,2062,tick_borne_cases_total_per_100k,Combined tick-borne prevalence per 100k,8732.288403089391,8836.638061752954,8638.770593200652,scenario_projection_recursive,combined_prevalence
high_emissions,2063,tick_borne_cases_total_per_100k,Combined tick-borne prevalence per 100k,8696.267727247763,8732.288403089391,8723.726523771145,scenario_projection_recursive,combined_prevalence
high_emissions,2064,tick_borne_cases_total_per_100k,Combined tick-borne prevalence per 100k,8834.38389428236,8696.267727247763,8755.064730696702,scenario_projection_recursive,combined_prevalence
high_emissions,2065,tick_borne_cases_total_per_100k,Combined tick-borne prevalence per 100k,8386.457500702982,8834.38389428236,8754.313341539839,scenario_projection_recursive,combined_prevalence
high_emissions,2066,tick_borne_cases_total_per_100k,Combined tick-borne prevalence per 100k,8630.431492041582,8386.457500702982,8639.036374077701,scenario_projection_recursive,combined_prevalence
high_emissions,2067,tick_borne_cases_total_per_100k,Combined tick-borne prevalence per 100k,8929.757295400761,8630.431492041582,8617.090962342309,scenario_projection_recursive,combined_prevalence
high_emissions,2068,tick_borne_cases_total_per_100k,Combined tick-borne prevalence per 100k,8956.450269225777,8929.757295400761,8648.88209604844,scenario_projection_recursive,combined_prevalence
high_emissions,2069,tick_borne_cases_total_per_100k,Combined tick-borne prevalence per 100k,9082.038791964907,8956.450269225777,8838.87968555604,scenario_projection_recursive,combined_prevalence
high_emissions,2070,tick_borne_cases_total_per_100k,Combined tick-borne prevalence per 100k,8850.016493912344,9082.038791964907,8989.415452197149,scenario_projection_recursive,combined_prevalence
high_emissions,2071,tick_borne_cases_total_per_100k,Combined tick-borne prevalence per 100k,8783.929279020706,8850.016493912344,8962.835185034342,scenario_projection_recursive,combined_prevalence
high_emissions,2072,tick_borne_cases_total_per_100k,Combined tick-borne prevalence per 100k,9082.670771682631,8783.929279020706,8905.32818829932,scenario_projection_recursive,combined_prevalence
high_emissions,2073,tick_borne_cases_total_per_100k,Combined tick-borne prevalence per 100k,9146.28929620858,9082.670771682631,8905.538848205228,scenario_projection_recursive,combined_prevalence
high_emissions,2074,tick_borne_cases_total_per_100k,Combined tick-borne prevalence per 100k,9269.428866506403,9146.28929620858,9004.296448970637,scenario_projection_recursive,combined_prevalence
high_emissions,2075,tick_borne_cases_total_per_100k,Combined tick-borne prevalence per 100k,9333.377359340504,9269.428866506403,9166.129644799204,scenario_projection_recursive,combined_prevalence
high_emissions,2076,tick_borne_cases_total_per_100k,Combined tick-borne prevalence per 100k,9453.281959961767,9333.377359340504,9249.69850735183,scenario_projection_recursive,combined_prevalence
high_emissions,2077,tick_borne_cases_total_per_100k,Combined tick-borne prevalence per 100k,9602.845064575095,9453.281959961767,9352.029395269557,scenario_projection_recursive,combined_prevalence
high_emissions,2078,tick_borne_cases_total_per_100k,Combined tick-borne prevalence per 100k,9319.98905893074,9602.845064575095,9463.168127959121,scenario_projection_recursive,combined_prevalence
high_emissions,2079,tick_borne_cases_total_per_100k,Combined tick-borne prevalence per 100k,9214.079762909078,9319.98905893074,9458.705361155866,scenario_projection_recursive,combined_prevalence
high_emissions,2080,tick_borne_cases_total_per_100k,Combined tick-borne prevalence per 100k,9661.745635304444,9214.079762909078,9378.971295471638,scenario_projection_recursive,combined_prevalence
high_emissions,2081,tick_borne_cases_total_per_100k,Combined tick-borne prevalence per 100k,9354.375299988635,9661.745635304444,9398.604819048087,scenario_projection_recursive,combined_prevalence
high_emissions,2082,tick_borne_cases_total_per_100k,Combined tick-borne prevalence per 100k,9620.765659659906,9354.375299988635,9410.06689940072,scenario_projection_recursive,combined_prevalence
high_emissions,2083,tick_borne_cases_total_per_100k,Combined tick-borne prevalence per 100k,9740.285137274725,9620.765659659906,9545.628864984328,scenario_projection_recursive,combined_prevalence
high_emissions,2084,tick_borne_cases_total_per_100k,Combined tick-borne prevalence per 100k,9656.177220685557,9740.285137274725,9571.80869897442,scenario_projection_recursive,combined_prevalence
high_emissions,2085,tick_borne_cases_total_per_100k,Combined tick-borne prevalence per 100k,9725.177337619098,9656.177220685557,9672.40933920673,scenario_projection_recursive,combined_prevalence
high_emissions,2086,tick_borne_cases_total_per_100k,Combined tick-borne prevalence per 100k,9495.74835108784,9725.177337619098,9707.213231859792,scenario_projection_recursive,combined_prevalence
high_emissions,2087,tick_borne_cases_total_per_100k,Combined tick-borne prevalence per 100k,9613.507126818888,9495.74835108784,9625.700969797497,scenario_projection_recursive,combined_prevalence
high_emissions,2088,tick_borne_cases_total_per_100k,Combined tick-borne prevalence per 100k,9718.94610027,9613.507126818888,9611.477605175276,scenario_projection_recursive,combined_prevalence
high_emissions,2089,tick_borne_cases_total_per_100k,Combined tick-borne prevalence per 100k,10151.235209969673,9718.94610027,9609.40052605891,scenario_projection_recursive,combined_prevalence
high_emissions,2090,tick_borne_cases_total_per_100k,Combined tick-borne prevalence per 100k,9425.164987750315,10151.235209969673,9827.896145686187,scenario_projection_recursive,combined_prevalence
high_emissions,2091,tick_borne_cases_total_per_100k,Combined tick-borne prevalence per 100k,10230.139363227157,9425.164987750315,9765.11543266333,scenario_projection_recursive,combined_prevalence
high_emissions,2092,tick_borne_cases_total_per_100k,Combined tick-borne prevalence per 100k,10347.839201879564,10230.139363227157,9935.513186982382,scenario_projection_recursive,combined_prevalence
high_emissions,2093,tick_borne_cases_total_per_100k,Combined tick-borne prevalence per 100k,10403.495205893221,10347.839201879564,10001.047850952345,scenario_projection_recursive,combined_prevalence
high_emissions,2094,tick_borne_cases_total_per_100k,Combined tick-borne prevalence per 100k,10195.988317642794,10403.495205893221,10327.157923666648,scenario_projection_recursive,combined_prevalence
high_emissions,2095,tick_borne_cases_total_per_100k,Combined tick-borne prevalence per 100k,10364.186072792836,10195.988317642794,10315.774241805193,scenario_projection_recursive,combined_prevalence
high_emissions,2096,tick_borne_cases_total_per_100k,Combined tick-borne prevalence per 100k,10058.509065226925,10364.186072792836,10321.223198776284,scenario_projection_recursive,combined_prevalence
high_emissions,2097,tick_borne_cases_total_per_100k,Combined tick-borne prevalence per 100k,10491.486700083042,10058.509065226925,10206.227818554185,scenario_projection_recursive,combined_prevalence
high_emissions,2098,tick_borne_cases_total_per_100k,Combined tick-borne prevalence per 100k,10437.207943489546,10491.486700083042,10304.7272793676,scenario_projection_recursive,combined_prevalence
high_emissions,2099,tick_borne_cases_total_per_100k,Combined tick-borne prevalence per 100k,10501.587042300422,10437.207943489546,10329.067902933171,scenario_projection_recursive,combined_prevalence
high_emissions,2100,tick_borne_cases_total_per_100k,Combined tick-borne prevalence per 100k,10089.690919193921,10501.587042300422,10476.76056195767,scenario_projection_recursive,combined_prevalence
medium_emissions,2026,tick_borne_cases_total_per_100k,Combined tick-borne prevalence per 100k,7174.394564142316,8066.91653449204,5818.559396115847,scenario_projection_recursive,combined_prevalence
medium_emissions,2027,tick_borne_cases_total_per_100k,Combined tick-borne prevalence per 100k,7149.515646139381,7174.394564142316,6823.422000430402,scenario_projection_recursive,combined_prevalence
medium_emissions,2028,tick_borne_cases_total_per_100k,Combined tick-borne prevalence per 100k,7069.26151761626,7149.515646139381,7463.608914924579,scenario_projection_recursive,combined_prevalence
medium_emissions,2029,tick_borne_cases_total_per_100k,Combined tick-borne prevalence per 100k,6730.240454130157,7069.26151761626,7131.057242632652,scenario_projection_recursive,combined_prevalence
medium_emissions,2030,tick_borne_cases_total_per_100k,Combined tick-borne prevalence per 100k,7093.951525352364,6730.240454130157,6983.0058726286,scenario_projection_recursive,combined_prevalence
medium_emissions,2031,tick_borne_cases_total_per_100k,Combined tick-borne prevalence per 100k,7534.767573492878,7093.951525352364,6964.484499032927,scenario_projection_recursive,combined_prevalence
medium_emissions,2032,tick_borne_cases_total_per_100k,Combined tick-borne prevalence per 100k,7240.919337078527,7534.767573492878,7119.653184325133,scenario_projection_recursive,combined_prevalence
medium_emissions,2033,tick_borne_cases_total_per_100k,Combined tick-borne prevalence per 100k,6987.000214769109,7240.919337078527,7289.879478641257,scenario_projection_recursive,combined_prevalence
medium_emissions,2034,tick_borne_cases_total_per_100k,Combined tick-borne prevalence per 100k,7337.42526923679,6987.000214769109,7254.229041780171,scenario_projection_recursive,combined_prevalence
medium_emissions,2035,tick_borne_cases_total_per_100k,Combined tick-borne prevalence per 100k,7340.639279722595,7337.42526923679,7188.448273694809,scenario_projection_recursive,combined_prevalence
medium_emissions,2036,tick_borne_cases_total_per_100k,Combined tick-borne prevalence per 100k,7217.234771808917,7340.639279722595,7221.688254576165,scenario_projection_recursive,combined_prevalence
medium_emissions,2037,tick_borne_cases_total_per_100k,Combined tick-borne prevalence per 100k,7709.587169971783,7217.234771808917,7298.433106922767,scenario_projection_recursive,combined_prevalence
medium_emissions,2038,tick_borne_cases_total_per_100k,Combined tick-borne prevalence per 100k,7260.515620653144,7709.587169971783,7422.487073834432,scenario_projection_recursive,combined_prevalence
medium_emissions,2039,tick_borne_cases_total_per_100k,Combined tick-borne prevalence per 100k,7428.347470628618,7260.515620653144,7395.779187477948,scenario_projection_recursive,combined_prevalence
medium_emissions,2040,tick_borne_cases_total_per_100k,Combined tick-borne prevalence per 100k,6981.12659043808,7428.347470628618,7466.150087084515,scenario_projection_recursive,combined_prevalence
medium_emissions,2041,tick_borne_cases_total_per_100k,Combined tick-borne prevalence per 100k,7253.529401254071,6981.12659043808,7223.329893906614,scenario_projection_recursive,combined_prevalence
medium_emissions,2042,tick_borne_cases_total_per_100k,Combined tick-borne prevalence per 100k,7095.178892951781,7253.529401254071,7221.0011541069225,scenario_projection_recursive,combined_prevalence
medium_emissions,2043,tick_borne_cases_total_per_100k,Combined tick-borne prevalence per 100k,7351.2196745070505,7095.178892951781,7109.944961547978,scenario_projection_recursive,combined_prevalence
medium_emissions,2044,tick_borne_cases_total_per_100k,Combined tick-borne prevalence per 100k,7451.1095308499525,7351.2196745070505,7233.309322904301,scenario_projection_recursive,combined_prevalence
medium_emissions,2045,tick_borne_cases_total_per_100k,Combined tick-borne prevalence per 100k,7299.233429968026,7451.1095308499525,7299.169366102928,scenario_projection_recursive,combined_prevalence
medium_emissions,2046,tick_borne_cases_total_per_100k,Combined tick-borne prevalence per 100k,7315.119231005003,7299.233429968026,7367.187545108343,scenario_projection_recursive,combined_prevalence
medium_emissions,2047,tick_borne_cases_total_per_100k,Combined tick-borne prevalence per 100k,7429.571256911115,7315.119231005003,7355.154063940994,scenario_projection_recursive,combined_prevalence
medium_emissions,2048,tick_borne_cases_total_per_100k,Combined tick-borne prevalence per 100k,7315.697428338583,7429.571256911115,7347.974639294715,scenario_projection_recursive,combined_prevalence
medium_emissions,2049,tick_borne_cases_total_per_100k,Combined tick-borne prevalence per 100k,7949.498124271691,7315.697428338583,7353.462638751567,scenario_projection_recursive,combined_prevalence
medium_emissions,2050,tick_borne_cases_total_per_100k,Combined tick-borne prevalence per 100k,7647.637659590517,7949.498124271691,7564.922269840463,scenario_projection_recursive,combined_prevalence
medium_emissions,2051,tick_borne_cases_total_per_100k,Combined tick-borne prevalence per 100k,7583.315045642406,7647.637659590517,7637.611070733597,scenario_projection_recursive,combined_prevalence
medium_emissions,2052,tick_borne_cases_total_per_100k,Combined tick-borne prevalence per 100k,7652.980150937414,7583.315045642406,7726.8169431682045,scenario_projection_recursive,combined_prevalence
medium_emissions,2053,tick_borne_cases_total_per_100k,Combined tick-borne prevalence per 100k,7670.226151711699,7652.980150937414,7627.977618723446,scenario_projection_recursive,combined_prevalence
medium_emissions,2054,tick_borne_cases_total_per_100k,Combined tick-borne prevalence per 100k,7531.337326627715,7670.226151711699,7635.507116097174,scenario_projection_recursive,combined_prevalence
medium_emissions,2055,tick_borne_cases_total_per_100k,Combined tick-borne prevalence per 100k,7578.310078310585,7531.337326627715,7618.181209758943,scenario_projection_recursive,combined_prevalence
medium_emissions,2056,tick_borne_cases_total_per_100k,Combined tick-borne prevalence per 100k,7679.472809940412,7578.310078310585,7593.291185549999,scenario_projection_recursive,combined_prevalence
medium_emissions,2057,tick_borne_cases_total_per_100k,Combined tick-borne prevalence per 100k,7868.085692368828,7679.472809940412,7596.3734049595705,scenario_projection_recursive,combined_prevalence
medium_emissions,2058,tick_borne_cases_total_per_100k,Combined tick-borne prevalence per 100k,7879.960738998458,7868.085692368828,7708.622860206608,scenario_projection_recursive,combined_prevalence
medium_emissions,2059,tick_borne_cases_total_per_100k,Combined tick-borne prevalence per 100k,7778.819074125175,7879.960738998458,7809.1730804358995,scenario_projection_recursive,combined_prevalence
medium_emissions,2060,tick_borne_cases_total_per_100k,Combined tick-borne prevalence per 100k,7550.84110097391,7778.819074125175,7842.28850183082,scenario_projection_recursive,combined_prevalence
medium_emissions,2061,tick_borne_cases_total_per_100k,Combined tick-borne prevalence per 100k,7859.500764360831,7550.84110097391,7736.5403046991805,scenario_projection_recursive,combined_prevalence
medium_emissions,2062,tick_borne_cases_total_per_100k,Combined tick-borne prevalence per 100k,7909.949316266018,7859.500764360831,7729.720313153305,scenario_projection_recursive,combined_prevalence
medium_emissions,2063,tick_borne_cases_total_per_100k,Combined tick-borne prevalence per 100k,8162.739397332645,7909.949316266018,7773.430393866921,scenario_projection_recursive,combined_prevalence
medium_emissions,2064,tick_borne_cases_total_per_100k,Combined tick-borne prevalence per 100k,8034.886832494264,8162.739397332645,7977.396492653165,scenario_projection_recursive,combined_prevalence
medium_emissions,2065,tick_borne_cases_total_per_100k,Combined tick-borne prevalence per 100k,7655.085180483136,8034.886832494264,8035.85851536431,scenario_projection_recursive,combined_prevalence
medium_emissions,2066,tick_borne_cases_total_per_100k,Combined tick-borne prevalence per 100k,8099.053631649207,7655.085180483136,7950.903803436682,scenario_projection_recursive,combined_prevalence
medium_emissions,2067,tick_borne_cases_total_per_100k,Combined tick-borne prevalence per 100k,8082.988164731783,8099.053631649207,7929.675214875536,scenario_projection_recursive,combined_prevalence
medium_emissions,2068,tick_borne_cases_total_per_100k,Combined tick-borne prevalence per 100k,8087.142784535876,8082.988164731783,7945.708992288043,scenario_projection_recursive,combined_prevalence
medium_emissions,2069,tick_borne_cases_total_per_100k,Combined tick-borne prevalence per 100k,7995.782058434916,8087.142784535876,8089.728193638955,scenario_projection_recursive,combined_prevalence
medium_emissions,2070,tick_borne_cases_total_per_100k,Combined tick-borne prevalence per 100k,7901.660187155771,7995.782058434916,8055.304335900859,scenario_projection_recursive,combined_prevalence
medium_emissions,2071,tick_borne_cases_total_per_100k,Combined tick-borne prevalence per 100k,7613.114583301856,7901.660187155771,7994.861676708853,scenario_projection_recursive,combined_prevalence
medium_emissions,2072,tick_borne_cases_total_per_100k,Combined tick-borne prevalence per 100k,7954.996714843737,7613.114583301856,7836.852276297514,scenario_projection_recursive,combined_prevalence
medium_emissions,2073,tick_borne_cases_total_per_100k,Combined tick-borne prevalence per 100k,7891.215691667941,7954.996714843737,7823.257161767121,scenario_projection_recursive,combined_prevalence
medium_emissions,2074,tick_borne_cases_total_per_100k,Combined tick-borne prevalence per 100k,8435.620118165352,7891.215691667941,7819.775663271178,scenario_projection_recursive,combined_prevalence
medium_emissions,2075,tick_borne_cases_total_per_100k,Combined tick-borne prevalence per 100k,8142.518443124478,8435.620118165352,8093.944174892345,scenario_projection_recursive,combined_prevalence
medium_emissions,2076,tick_borne_cases_total_per_100k,Combined tick-borne prevalence per 100k,7924.870787230569,8142.518443124478,8156.451417652591,scenario_projection_recursive,combined_prevalence
medium_emissions,2077,tick_borne_cases_total_per_100k,Combined tick-borne prevalence per 100k,7860.662883938279,7924.870787230569,8167.669782840133,scenario_projection_recursive,combined_prevalence
medium_emissions,2078,tick_borne_cases_total_per_100k,Combined tick-borne prevalence per 100k,8026.157534212226,7860.662883938279,7976.017371431109,scenario_projection_recursive,combined_prevalence
medium_emissions,2079,tick_borne_cases_total_per_100k,Combined tick-borne prevalence per 100k,8212.659515102,8026.157534212226,7937.230401793691,scenario_projection_recursive,combined_prevalence
medium_emissions,2080,tick_borne_cases_total_per_100k,Combined tick-borne prevalence per 100k,8415.01336446169,8212.659515102,8033.1599777508345,scenario_projection_recursive,combined_prevalence
medium_emissions,2081,tick_borne_cases_total_per_100k,Combined tick-borne prevalence per 100k,7962.99320343004,8415.01336446169,8217.943471258639,scenario_projection_recursive,combined_prevalence
medium_emissions,2082,tick_borne_cases_total_per_100k,Combined tick-borne prevalence per 100k,7876.537602156875,7962.99320343004,8196.888694331245,scenario_projection_recursive,combined_prevalence
medium_emissions,2083,tick_borne_cases_total_per_100k,Combined tick-borne prevalence per 100k,8390.652454442414,7876.537602156875,8084.848056682868,scenario_projection_recursive,combined_prevalence
medium_emissions,2084,tick_borne_cases_total_per_100k,Combined tick-borne prevalence per 100k,8411.356339530963,8390.652454442414,8076.727753343109,scenario_projection_recursive,combined_prevalence
medium_emissions,2085,tick_borne_cases_total_per_100k,Combined tick-borne prevalence per 100k,8024.214155382197,8411.356339530963,8226.182132043417,scenario_projection_recursive,combined_prevalence
medium_emissions,2086,tick_borne_cases_total_per_100k,Combined tick-borne prevalence per 100k,8024.872189894326,8024.214155382197,8275.407649785191,scenario_projection_recursive,combined_prevalence
medium_emissions,2087,tick_borne_cases_total_per_100k,Combined tick-borne prevalence per 100k,8083.147169357719,8024.872189894326,8153.480894935829,scenario_projection_recursive,combined_prevalence
medium_emissions,2088,tick_borne_cases_total_per_100k,Combined tick-borne prevalence per 100k,8554.939866055292,8083.147169357719,8044.077838211414,scenario_projection_recursive,combined_prevalence
medium_emissions,2089,tick_borne_cases_total_per_100k,Combined tick-borne prevalence per 100k,8046.4495728530665,8554.939866055292,8220.986408435778,scenario_projection_recursive,combined_prevalence
medium_emissions,2090,tick_borne_cases_total_per_100k,Combined tick-borne prevalence per 100k,8126.475968616649,8046.4495728530665,8228.178869422025,scenario_projection_recursive,combined_prevalence
medium_emissions,2091,tick_borne_cases_total_per_100k,Combined tick-borne prevalence per 100k,8538.675639168032,8126.475968616649,8242.621802508336,scenario_projection_recursive,combined_prevalence
medium_emissions,2092,tick_borne_cases_total_per_100k,Combined tick-borne prevalence per 100k,8067.5957930633285,8538.675639168032,8237.200393545916,scenario_projection_recursive,combined_prevalence
medium_emissions,2093,tick_borne_cases_total_per_100k,Combined tick-borne prevalence per 100k,8037.054954032748,8067.5957930633285,8244.249133616004,scenario_projection_recursive,combined_prevalence
medium_emissions,2094,tick_borne_cases_total_per_100k,Combined tick-borne prevalence per 100k,8197.80667372575,8037.054954032748,8214.442128754703,scenario_projection_recursive,combined_prevalence
medium_emissions,2095,tick_borne_cases_total_per_100k,Combined tick-borne prevalence per 100k,7981.662024719793,8197.80667372575,8100.819140273942,scenario_projection_recursive,combined_prevalence
medium_emissions,2096,tick_borne_cases_total_per_100k,Combined tick-borne prevalence per 100k,8379.189401727144,7981.662024719793,8072.174550826097,scenario_projection_recursive,combined_prevalence
medium_emissions,2097,tick_borne_cases_total_per_100k,Combined tick-borne prevalence per 100k,8353.21970024491,8379.189401727144,8186.219366724229,scenario_projection_recursive,combined_prevalence
medium_emissions,2098,tick_borne_cases_total_per_100k,Combined tick-borne prevalence per 100k,8335.28439361088,8353.21970024491,8238.023708897283,scenario_projection_recursive,combined_prevalence
medium_emissions,2099,tick_borne_cases_total_per_100k,Combined tick-borne prevalence per 100k,8350.417565967546,8335.28439361088,8355.897831860979,scenario_projection_recursive,combined_prevalence
medium_emissions,2100,tick_borne_cases_total_per_100k,Combined tick-borne prevalence per 100k,8187.250997276735,8350.417565967546,8346.307219941113,scenario_projection_recursive,combined_prevalence
