scenario_family,year,target_column,target_label,baseline_prevalence_per_100k,recent_momentum,predicted_residual,predicted_prevalence_per_100k,table_role,model_name
high_emissions,2026,lyme_cases_per_100k,Lyme prevalence per 100k,7939.903481400254,2246.2488823894782,-2103.25641862679,5836.647062773464,scenario_projection_recursive,lyme_prevalence
high_emissions,2027,lyme_cases_per_100k,Lyme prevalence per 100k,5836.647062773464,-449.85261556130627,-209.9092914176672,5626.737771355797,scenario_projection_recursive,lyme_prevalence
high_emissions,2028,lyme_cases_per_100k,Lyme prevalence per 100k,5626.737771355797,-841.0250004873751,-86.02459919696321,5540.713172158834,scenario_projection_recursive,lyme_prevalence
high_emissions,2029,lyme_cases_per_100k,Lyme prevalence per 100k,5540.713172158834,-127.31949660386454,1879.3313480192166,7420.04452017805,scenario_projection_recursive,lyme_prevalence
high_emissions,2030,lyme_cases_per_100k,Lyme prevalence per 100k,7420.04452017805,1224.2126989471562,-1993.4006477058465,5426.643872472204,scenario_projection_recursive,lyme_prevalence
high_emissions,2031,lyme_cases_per_100k,Lyme prevalence per 100k,5426.643872472204,-702.489982464158,-350.1295447680577,5076.514327704146,scenario_projection_recursive,lyme_prevalence
high_emissions,2032,lyme_cases_per_100k,Lyme prevalence per 100k,5076.514327704146,-897.8865790806531,4943.806202371816,10020.320530075962,scenario_projection_recursive,lyme_prevalence
high_emissions,2033,lyme_cases_per_100k,Lyme prevalence per 100k,10020.320530075962,3179.1609533251913,-91.46718754423023,9928.853342531731,scenario_projection_recursive,lyme_prevalence
high_emissions,2034,lyme_cases_per_100k,Lyme prevalence per 100k,9928.853342531731,1586.9572757611168,4319.397878805754,14248.251221337485,scenario_projection_recursive,lyme_prevalence
high_emissions,2035,lyme_cases_per_100k,Lyme prevalence per 100k,14248.251221337485,2849.1095233557608,-946.1979222864716,13302.053299051013,scenario_projection_recursive,lyme_prevalence
high_emissions,2036,lyme_cases_per_100k,Lyme prevalence per 100k,13302.053299051013,809.0006780776039,-292.212439917909,13009.840859133104,scenario_projection_recursive,lyme_prevalence
high_emissions,2037,lyme_cases_per_100k,Lyme prevalence per 100k,13009.840859133104,-510.20760070742836,2670.111347970502,15679.952207103606,scenario_projection_recursive,lyme_prevalence
high_emissions,2038,lyme_cases_per_100k,Lyme prevalence per 100k,15679.952207103606,1682.6700853410312,1661.557835024613,17341.51004212822,scenario_projection_recursive,lyme_prevalence
high_emissions,2039,lyme_cases_per_100k,Lyme prevalence per 100k,17341.51004212822,1997.7423393399094,3810.3545708353613,21151.86461296358,scenario_projection_recursive,lyme_prevalence
high_emissions,2040,lyme_cases_per_100k,Lyme prevalence per 100k,21151.86461296358,3094.08899223178,-482.7701523333376,20669.094460630244,scenario_projection_recursive,lyme_prevalence
high_emissions,2041,lyme_cases_per_100k,Lyme prevalence per 100k,20669.094460630244,948.2714220562302,2503.904919994262,23172.999380624504,scenario_projection_recursive,lyme_prevalence
high_emissions,2042,lyme_cases_per_100k,Lyme prevalence per 100k,23172.999380624504,1508.3465625517274,781.6037823470144,23954.603162971518,scenario_projection_recursive,lyme_prevalence
high_emissions,2043,lyme_cases_per_100k,Lyme prevalence per 100k,23954.603162971518,1355.7041615627604,2035.142359596816,25989.745522568333,scenario_projection_recursive,lyme_prevalence
high_emissions,2044,lyme_cases_per_100k,Lyme prevalence per 100k,25989.745522568333,1617.296167180215,-1011.5699466298386,24978.175575938494,scenario_projection_recursive,lyme_prevalence
high_emissions,2045,lyme_cases_per_100k,Lyme prevalence per 100k,24978.175575938494,4.000822112378955,-1588.0644072120867,23390.111168726406,scenario_projection_recursive,lyme_prevalence
high_emissions,2046,lyme_cases_per_100k,Lyme prevalence per 100k,23390.111168726406,-1395.8995870180079,2235.0446289385936,25625.155797665,scenario_projection_recursive,lyme_prevalence
high_emissions,2047,lyme_cases_per_100k,Lyme prevalence per 100k,25625.155797665,960.6749502217026,-482.0101437578701,25143.14565390713,scenario_projection_recursive,lyme_prevalence
high_emissions,2048,lyme_cases_per_100k,Lyme prevalence per 100k,25143.14565390713,423.6747804742845,-101.66218531161462,25041.483468595514,scenario_projection_recursive,lyme_prevalence
high_emissions,2049,lyme_cases_per_100k,Lyme prevalence per 100k,25041.483468595514,-228.44483812703402,888.7430903154175,25930.22655891093,scenario_projection_recursive,lyme_prevalence
high_emissions,2050,lyme_cases_per_100k,Lyme prevalence per 100k,25930.22655891093,558.6079984397365,3878.564010882691,29808.790569793622,scenario_projection_recursive,lyme_prevalence
high_emissions,2051,lyme_cases_per_100k,Lyme prevalence per 100k,29808.790569793622,2881.9570373602655,929.6218134117432,30738.412383205366,scenario_projection_recursive,lyme_prevalence
high_emissions,2052,lyme_cases_per_100k,Lyme prevalence per 100k,30738.412383205366,1912.6025459020566,2138.3592987995125,32876.77168200488,scenario_projection_recursive,lyme_prevalence
high_emissions,2053,lyme_cases_per_100k,Lyme prevalence per 100k,32876.77168200488,1735.4468036702601,2773.1355301909753,35649.90721219586,scenario_projection_recursive,lyme_prevalence
high_emissions,2054,lyme_cases_per_100k,Lyme prevalence per 100k,35649.90721219586,2561.5434530604907,577.0756939943115,36226.98290619017,scenario_projection_recursive,lyme_prevalence
high_emissions,2055,lyme_cases_per_100k,Lyme prevalence per 100k,36226.98290619017,1309.0956393931992,1846.784644231391,38073.76755042156,scenario_projection_recursive,lyme_prevalence
high_emissions,2056,lyme_cases_per_100k,Lyme prevalence per 100k,38073.76755042156,1423.548327485696,2460.080598728233,40533.848149149795,scenario_projection_recursive,lyme_prevalence
high_emissions,2057,lyme_cases_per_100k,Lyme prevalence per 100k,40533.848149149795,2255.6486138959517,1369.5297590905318,41903.37790824033,scenario_projection_recursive,lyme_prevalence
high_emissions,2058,lyme_cases_per_100k,Lyme prevalence per 100k,41903.37790824033,1733.0467056364287,458.88739465128697,42362.26530289162,scenario_projection_recursive,lyme_prevalence
high_emissions,2059,lyme_cases_per_100k,Lyme prevalence per 100k,42362.26530289162,762.4348494643709,3420.4271568745944,45782.692459766215,scenario_projection_recursive,lyme_prevalence
high_emissions,2060,lyme_cases_per_100k,Lyme prevalence per 100k,45782.692459766215,2433.2472361334876,1922.5828091012625,47705.275268867474,scenario_projection_recursive,lyme_prevalence
high_emissions,2061,lyme_cases_per_100k,Lyme prevalence per 100k,47705.275268867474,2421.864258359041,988.0807077059883,48693.35597657346,scenario_projection_recursive,lyme_prevalence
high_emissions,2062,lyme_cases_per_100k,Lyme prevalence per 100k,48693.35597657346,1299.5814081710778,4216.288669919786,52909.644646493245,scenario_projection_recursive,lyme_prevalence
high_emissions,2063,lyme_cases_per_100k,Lyme prevalence per 100k,52909.644646493245,3140.2193491818543,2164.6043666316455,55074.24901312489,scenario_projection_recursive,lyme_prevalence
high_emissions,2064,lyme_cases_per_100k,Lyme prevalence per 100k,55074.24901312489,2848.499134394362,714.0932776784641,55788.34229080335,scenario_projection_recursive,lyme_prevalence
high_emissions,2065,lyme_cases_per_100k,Lyme prevalence per 100k,55788.34229080335,1197.5969739961947,-1256.598729055657,54531.743561747695,scenario_projection_recursive,lyme_prevalence
high_emissions,2066,lyme_cases_per_100k,Lyme prevalence per 100k,54531.743561747695,-599.7013934776187,1638.8772200389833,56170.62078178668,scenario_projection_recursive,lyme_prevalence
high_emissions,2067,lyme_cases_per_100k,Lyme prevalence per 100k,56170.62078178668,673.718570340774,2292.0324888440555,58462.65327063073,scenario_projection_recursive,lyme_prevalence
high_emissions,2068,lyme_cases_per_100k,Lyme prevalence per 100k,58462.65327063073,2074.3140659090277,3183.2374033599617,61645.890673990696,scenario_projection_recursive,lyme_prevalence
high_emissions,2069,lyme_cases_per_100k,Lyme prevalence per 100k,61645.890673990696,2886.169098521328,1009.8333796306185,62655.724053621314,scenario_projection_recursive,lyme_prevalence
high_emissions,2070,lyme_cases_per_100k,Lyme prevalence per 100k,62655.724053621314,1734.3013875403994,-35.54977018928753,62620.174283432025,scenario_projection_recursive,lyme_prevalence
high_emissions,2071,lyme_cases_per_100k,Lyme prevalence per 100k,62620.174283432025,312.9112797506823,2515.2283472867302,65135.40263071875,scenario_projection_recursive,lyme_prevalence
high_emissions,2072,lyme_cases_per_100k,Lyme prevalence per 100k,65135.40263071875,1664.9689747947268,355.15982158823545,65490.562452306986,scenario_projection_recursive,lyme_prevalence
high_emissions,2073,lyme_cases_per_100k,Lyme prevalence per 100k,65490.562452306986,1075.1826634877289,1211.2392090669957,66701.80166137397,scenario_projection_recursive,lyme_prevalence
high_emissions,2074,lyme_cases_per_100k,Lyme prevalence per 100k,66701.80166137397,925.8794132407347,3020.63227685737,69722.43393823135,scenario_projection_recursive,lyme_prevalence
high_emissions,2075,lyme_cases_per_100k,Lyme prevalence per 100k,69722.43393823135,2417.5012542605837,2033.7512018730197,71756.18514010437,scenario_projection_recursive,lyme_prevalence
high_emissions,2076,lyme_cases_per_100k,Lyme prevalence per 100k,71756.18514010437,2362.7115602011327,1984.6655509030331,73740.8506910074,scenario_projection_recursive,lyme_prevalence
high_emissions,2077,lyme_cases_per_100k,Lyme prevalence per 100k,73740.8506910074,2001.027434559699,4215.028199717183,77955.87889072459,scenario_projection_recursive,lyme_prevalence
high_emissions,2078,lyme_cases_per_100k,Lyme prevalence per 100k,77955.87889072459,3471.5739834457927,-199.25309030909807,77756.6258004155,scenario_projection_recursive,lyme_prevalence
high_emissions,2079,lyme_cases_per_100k,Lyme prevalence per 100k,77756.6258004155,1272.174006366331,1014.2818438049505,78770.90764422044,scenario_projection_recursive,lyme_prevalence
high_emissions,2080,lyme_cases_per_100k,Lyme prevalence per 100k,78770.90764422044,609.7701991002687,3895.5302028079905,82666.43784702843,scenario_projection_recursive,lyme_prevalence
high_emissions,2081,lyme_cases_per_100k,Lyme prevalence per 100k,82666.43784702843,2935.1140831403027,179.6786199714279,82846.11646699985,scenario_projection_recursive,lyme_prevalence
high_emissions,2082,lyme_cases_per_100k,Lyme prevalence per 100k,82846.11646699985,1418.2958142502757,1537.0209826385915,84383.13744963845,scenario_projection_recursive,lyme_prevalence
high_emissions,2083,lyme_cases_per_100k,Lyme prevalence per 100k,84383.13744963845,1084.5735284162074,4029.4334852951115,88412.57093493357,scenario_projection_recursive,lyme_prevalence
high_emissions,2084,lyme_cases_per_100k,Lyme prevalence per 100k,88412.57093493357,3198.629317742947,351.22967385997845,88763.80060879355,scenario_projection_recursive,lyme_prevalence
high_emissions,2085,lyme_cases_per_100k,Lyme prevalence per 100k,88763.80060879355,1577.2976110050222,3665.050678499556,92428.8512872931,scenario_projection_recursive,lyme_prevalence
high_emissions,2086,lyme_cases_per_100k,Lyme prevalence per 100k,92428.8512872931,2560.443676953044,1405.887290870466,93834.73857816357,scenario_projection_recursive,lyme_prevalence
high_emissions,2087,lyme_cases_per_100k,Lyme prevalence per 100k,93834.73857816357,2158.9417534134845,1244.7343184392773,95079.47289660285,scenario_projection_recursive,lyme_prevalence
high_emissions,2088,lyme_cases_per_100k,Lyme prevalence per 100k,95079.47289660285,1298.4519759163522,2238.0044639713196,97317.47736057416,scenario_projection_recursive,lyme_prevalence
high_emissions,2089,lyme_cases_per_100k,Lyme prevalence per 100k,97317.47736057416,1906.9144154606474,3611.887474862823,100929.364835437,scenario_projection_recursive,lyme_prevalence
high_emissions,2090,lyme_cases_per_100k,Lyme prevalence per 100k,100929.364835437,3153.92647123232,-5329.564408717088,95599.80042671991,scenario_projection_recursive,lyme_prevalence
high_emissions,2091,lyme_cases_per_100k,Lyme prevalence per 100k,95599.80042671991,-2349.080447523782,6441.404210980768,102041.20463770068,scenario_projection_recursive,lyme_prevalence
high_emissions,2092,lyme_cases_per_100k,Lyme prevalence per 100k,102041.20463770068,2517.748004414825,2249.238400172867,104290.44303787354,scenario_projection_recursive,lyme_prevalence
high_emissions,2093,lyme_cases_per_100k,Lyme prevalence per 100k,104290.44303787354,3646.627003775502,1934.2552379209576,106224.6982757945,scenario_projection_recursive,lyme_prevalence
high_emissions,2094,lyme_cases_per_100k,Lyme prevalence per 100k,106224.6982757945,2039.2496253382415,1701.4708177385476,107926.16909353304,scenario_projection_recursive,lyme_prevalence
high_emissions,2095,lyme_cases_per_100k,Lyme prevalence per 100k,107926.16909353304,1779.0656244660204,1516.6055069151232,109442.77460044816,scenario_projection_recursive,lyme_prevalence
high_emissions,2096,lyme_cases_per_100k,Lyme prevalence per 100k,109442.77460044816,1578.2272771895805,127.69206819058422,109570.46666863875,scenario_projection_recursive,lyme_prevalence
high_emissions,2097,lyme_cases_per_100k,Lyme prevalence per 100k,109570.46666863875,590.6632144321193,4555.116364057025,114125.58303269578,scenario_projection_recursive,lyme_prevalence
high_emissions,2098,lyme_cases_per_100k,Lyme prevalence per 100k,114125.58303269578,3079.3082654348837,15.144568569672174,114140.72760126545,scenario_projection_recursive,lyme_prevalence
high_emissions,2099,lyme_cases_per_100k,Lyme prevalence per 100k,114140.72760126545,1528.4685003987834,2119.517767158419,116260.24536842387,scenario_projection_recursive,lyme_prevalence
high_emissions,2100,lyme_cases_per_100k,Lyme prevalence per 100k,116260.24536842387,1418.0600342955004,-834.085496372418,115426.15987205146,scenario_projection_recursive,lyme_prevalence
medium_emissions,2026,lyme_cases_per_100k,Lyme prevalence per 100k,7939.903481400254,2246.2488823894782,1366.7370461485446,9306.6405275488,scenario_projection_recursive,lyme_prevalence
medium_emissions,2027,lyme_cases_per_100k,Lyme prevalence per 100k,9306.6405275488,1863.476360955584,-1183.2725138286628,8123.368013720137,scenario_projection_recursive,lyme_prevalence
medium_emissions,2028,lyme_cases_per_100k,Lyme prevalence per 100k,8123.368013720137,-333.26932716959345,123.81212641293541,8247.180140133072,scenario_projection_recursive,lyme_prevalence
medium_emissions,2029,lyme_cases_per_100k,Lyme prevalence per 100k,8247.180140133072,-311.8827536675981,-1840.4743592359207,6406.705780897151,scenario_projection_recursive,lyme_prevalence
medium_emissions,2030,lyme_cases_per_100k,Lyme prevalence per 100k,6406.705780897151,-1185.7121973529693,953.2599640372121,7359.965744934363,scenario_projection_recursive,lyme_prevalence
medium_emissions,2031,lyme_cases_per_100k,Lyme prevalence per 100k,7359.965744934363,22.015189612834547,3805.661321256438,11165.627066190802,scenario_projection_recursive,lyme_prevalence
medium_emissions,2032,lyme_cases_per_100k,Lyme prevalence per 100k,11165.627066190802,2854.86086885003,-771.7133754373431,10393.91369075346,scenario_projection_recursive,lyme_prevalence
medium_emissions,2033,lyme_cases_per_100k,Lyme prevalence per 100k,10393.91369075346,754.0781901272512,-1253.8073789104958,9140.106311842963,scenario_projection_recursive,lyme_prevalence
medium_emissions,2034,lyme_cases_per_100k,Lyme prevalence per 100k,9140.106311842963,-1093.1093777527785,4153.031197949894,13293.137509792858,scenario_projection_recursive,lyme_prevalence
medium_emissions,2035,lyme_cases_per_100k,Lyme prevalence per 100k,13293.137509792858,2350.751672329763,-2286.7405953609577,11006.3969144319,scenario_projection_recursive,lyme_prevalence
medium_emissions,2036,lyme_cases_per_100k,Lyme prevalence per 100k,11006.3969144319,-140.1499975906754,1216.653424643676,12223.050339075577,scenario_projection_recursive,lyme_prevalence
medium_emissions,2037,lyme_cases_per_100k,Lyme prevalence per 100k,12223.050339075577,48.85541797546648,4747.880801028917,16970.931140104494,scenario_projection_recursive,lyme_prevalence
medium_emissions,2038,lyme_cases_per_100k,Lyme prevalence per 100k,16970.931140104494,3570.805008900503,-223.45985278930175,16747.47128731519,scenario_projection_recursive,lyme_prevalence
medium_emissions,2039,lyme_cases_per_100k,Lyme prevalence per 100k,16747.47128731519,1433.6536984834365,3504.7811253600976,20252.25241267529,scenario_projection_recursive,lyme_prevalence
medium_emissions,2040,lyme_cases_per_100k,Lyme prevalence per 100k,20252.25241267529,2262.0341326436283,-1700.5533545477526,18551.69905812754,scenario_projection_recursive,lyme_prevalence
medium_emissions,2041,lyme_cases_per_100k,Lyme prevalence per 100k,18551.69905812754,34.55813875486638,1778.9367599056811,20330.63581803322,scenario_projection_recursive,lyme_prevalence
medium_emissions,2042,lyme_cases_per_100k,Lyme prevalence per 100k,20330.63581803322,619.1067217545351,-356.45706626001765,19974.178751773205,scenario_projection_recursive,lyme_prevalence
medium_emissions,2043,lyme_cases_per_100k,Lyme prevalence per 100k,19974.178751773205,355.34087579521656,-1690.0150734757603,18284.163678297446,scenario_projection_recursive,lyme_prevalence
medium_emissions,2044,lyme_cases_per_100k,Lyme prevalence per 100k,18284.163678297446,-1245.4957377371793,1826.055757353099,20110.219435650546,scenario_projection_recursive,lyme_prevalence
medium_emissions,2045,lyme_cases_per_100k,Lyme prevalence per 100k,20110.219435650546,654.0321470768176,652.4065926612222,20762.62602831177,scenario_projection_recursive,lyme_prevalence
medium_emissions,2046,lyme_cases_per_100k,Lyme prevalence per 100k,20762.62602831177,1043.6229808918506,1210.0182259348283,21972.6442542466,scenario_projection_recursive,lyme_prevalence
medium_emissions,2047,lyme_cases_per_100k,Lyme prevalence per 100k,21972.6442542466,1024.1476815102942,-414.58119366799724,21558.063060578603,scenario_projection_recursive,lyme_prevalence
medium_emissions,2048,lyme_cases_per_100k,Lyme prevalence per 100k,21558.063060578603,126.9519461996133,2751.5450228713626,24309.608083449966,scenario_projection_recursive,lyme_prevalence
medium_emissions,2049,lyme_cases_per_100k,Lyme prevalence per 100k,24309.608083449966,1696.1696173582422,612.1978030161811,24921.805886466147,scenario_projection_recursive,lyme_prevalence
medium_emissions,2050,lyme_cases_per_100k,Lyme prevalence per 100k,24921.805886466147,1325.3135429679096,-273.1441971064835,24648.661689359662,scenario_projection_recursive,lyme_prevalence
medium_emissions,2051,lyme_cases_per_100k,Lyme prevalence per 100k,24648.661689359662,21.969802934399922,911.4142392276992,25560.07592858736,scenario_projection_recursive,lyme_prevalence
medium_emissions,2052,lyme_cases_per_100k,Lyme prevalence per 100k,25560.07592858736,516.5614271163031,-353.52734931264445,25206.548579274717,scenario_projection_recursive,lyme_prevalence
medium_emissions,2053,lyme_cases_per_100k,Lyme prevalence per 100k,25206.548579274717,68.11984686747019,-221.60415305886954,24984.944426215847,scenario_projection_recursive,lyme_prevalence
medium_emissions,2054,lyme_cases_per_100k,Lyme prevalence per 100k,24984.944426215847,-265.57855181012565,-264.35006524670007,24720.594360969146,scenario_projection_recursive,lyme_prevalence
medium_emissions,2055,lyme_cases_per_100k,Lyme prevalence per 100k,24720.594360969146,-250.10142785076096,4160.625210854358,28881.2195718235,scenario_projection_recursive,lyme_prevalence
medium_emissions,2056,lyme_cases_per_100k,Lyme prevalence per 100k,28881.2195718235,2685.633452154001,-825.5754680545838,28055.64410376892,scenario_projection_recursive,lyme_prevalence
medium_emissions,2057,lyme_cases_per_100k,Lyme prevalence per 100k,28055.64410376892,836.4914249150606,625.4493453817706,28681.09344915069,scenario_projection_recursive,lyme_prevalence
medium_emissions,2058,lyme_cases_per_100k,Lyme prevalence per 100k,28681.09344915069,141.77440756965007,1910.5746596483484,30591.668108799036,scenario_projection_recursive,lyme_prevalence
medium_emissions,2059,lyme_cases_per_100k,Lyme prevalence per 100k,30591.668108799036,1482.1995548928207,190.77698572691975,30782.445094525956,scenario_projection_recursive,lyme_prevalence
medium_emissions,2060,lyme_cases_per_100k,Lyme prevalence per 100k,30782.445094525956,764.0428770340623,651.7499901581834,31434.19508468414,scenario_projection_recursive,lyme_prevalence
medium_emissions,2061,lyme_cases_per_100k,Lyme prevalence per 100k,31434.19508468414,498.092322014425,2514.3683035961158,33948.56338828026,scenario_projection_recursive,lyme_prevalence
medium_emissions,2062,lyme_cases_per_100k,Lyme prevalence per 100k,33948.56338828026,1893.4955324501389,1775.9795531838315,35724.54294146409,scenario_projection_recursive,lyme_prevalence
medium_emissions,2063,lyme_cases_per_100k,Lyme prevalence per 100k,35724.54294146409,2022.1091366545952,2445.3585319943168,38169.901473458405,scenario_projection_recursive,lyme_prevalence
medium_emissions,2064,lyme_cases_per_100k,Lyme prevalence per 100k,38169.901473458405,2222.2322057241545,-1335.2609299161068,36834.6405435423,scenario_projection_recursive,lyme_prevalence
medium_emissions,2065,lyme_cases_per_100k,Lyme prevalence per 100k,36834.6405435423,-75.05444261262892,-338.9128510197713,36495.72769252253,scenario_projection_recursive,lyme_prevalence
medium_emissions,2066,lyme_cases_per_100k,Lyme prevalence per 100k,36495.72769252253,-671.0288773185457,3123.345958960549,39619.07365148308,scenario_projection_recursive,lyme_prevalence
medium_emissions,2067,lyme_cases_per_100k,Lyme prevalence per 100k,39619.07365148308,1969.2596889671113,370.49467122423994,39989.56832270732,scenario_projection_recursive,lyme_prevalence
medium_emissions,2068,lyme_cases_per_100k,Lyme prevalence per 100k,39989.56832270732,1288.111767136339,109.77201807174174,40099.34034077906,scenario_projection_recursive,lyme_prevalence
medium_emissions,2069,lyme_cases_per_100k,Lyme prevalence per 100k,40099.34034077906,196.67956912257796,-373.6509362716781,39725.689404507386,scenario_projection_recursive,lyme_prevalence
medium_emissions,2070,lyme_cases_per_100k,Lyme prevalence per 100k,39725.689404507386,-212.5099514905378,-574.0747518869787,39151.61465262041,scenario_projection_recursive,lyme_prevalence
medium_emissions,2071,lyme_cases_per_100k,Lyme prevalence per 100k,39151.61465262041,-507.2668133485422,-333.1064914643523,38818.50816115606,scenario_projection_recursive,lyme_prevalence
medium_emissions,2072,lyme_cases_per_100k,Lyme prevalence per 100k,38818.50816115606,-413.42924493856117,1157.372328729429,39975.88048988549,scenario_projection_recursive,lyme_prevalence
medium_emissions,2073,lyme_cases_per_100k,Lyme prevalence per 100k,39975.88048988549,660.5460553314988,-967.3663829502568,39008.51410693523,scenario_projection_recursive,lyme_prevalence
medium_emissions,2074,lyme_cases_per_100k,Lyme prevalence per 100k,39008.51410693523,-259.1201457236966,3375.1813010113274,42383.69540794656,scenario_projection_recursive,lyme_prevalence
medium_emissions,2075,lyme_cases_per_100k,Lyme prevalence per 100k,42383.69540794656,1927.6654063574679,-181.81564461341873,42201.87976333314,scenario_projection_recursive,lyme_prevalence
medium_emissions,2076,lyme_cases_per_100k,Lyme prevalence per 100k,42201.87976333314,1003.8500039281644,-2320.378149957158,39881.501613375985,scenario_projection_recursive,lyme_prevalence
medium_emissions,2077,lyme_cases_per_100k,Lyme prevalence per 100k,39881.501613375985,-1607.5239815092427,60.32055353623559,39941.82216691222,scenario_projection_recursive,lyme_prevalence
medium_emissions,2078,lyme_cases_per_100k,Lyme prevalence per 100k,39941.82216691222,-733.2456809615614,1047.5273319508321,40989.349498863055,scenario_projection_recursive,lyme_prevalence
medium_emissions,2079,lyme_cases_per_100k,Lyme prevalence per 100k,40989.349498863055,718.4584058126347,1350.2518892002083,42339.60138806327,scenario_projection_recursive,lyme_prevalence
medium_emissions,2080,lyme_cases_per_100k,Lyme prevalence per 100k,42339.60138806327,1249.3437034504168,3808.033973808323,46147.63536187159,scenario_projection_recursive,lyme_prevalence
medium_emissions,2081,lyme_cases_per_100k,Lyme prevalence per 100k,46147.63536187159,2988.7732789389556,-722.3527057203556,45425.282656151234,scenario_projection_recursive,lyme_prevalence
medium_emissions,2082,lyme_cases_per_100k,Lyme prevalence per 100k,45425.282656151234,787.7761874558782,-4762.492575790311,40662.79008036092,scenario_projection_recursive,lyme_prevalence
medium_emissions,2083,lyme_cases_per_100k,Lyme prevalence per 100k,40662.79008036092,-3415.779285766992,5974.711970199243,46637.502050560164,scenario_projection_recursive,lyme_prevalence
medium_emissions,2084,lyme_cases_per_100k,Lyme prevalence per 100k,46637.502050560164,2395.643788202724,187.01161020973655,46824.5136607699,scenario_projection_recursive,lyme_prevalence
medium_emissions,2085,lyme_cases_per_100k,Lyme prevalence per 100k,46824.5136607699,2116.2450635395653,-3791.7020645073853,43032.811596262516,scenario_projection_recursive,lyme_prevalence
medium_emissions,2086,lyme_cases_per_100k,Lyme prevalence per 100k,43032.811596262516,-2465.4641729350114,3844.77515878783,46877.586755050346,scenario_projection_recursive,lyme_prevalence
medium_emissions,2087,lyme_cases_per_100k,Lyme prevalence per 100k,46877.586755050346,1299.282751022758,-527.289135857098,46350.29761919325,scenario_projection_recursive,lyme_prevalence
medium_emissions,2088,lyme_cases_per_100k,Lyme prevalence per 100k,46350.29761919325,930.0656290245388,2349.6756994439465,48699.973318637196,scenario_projection_recursive,lyme_prevalence
medium_emissions,2089,lyme_cases_per_100k,Lyme prevalence per 100k,48699.973318637196,1390.6874210102687,-3445.5914037631,45254.381914874095,scenario_projection_recursive,lyme_prevalence
medium_emissions,2090,lyme_cases_per_100k,Lyme prevalence per 100k,45254.381914874095,-1513.8357026940866,-1342.630566758241,43911.75134811585,scenario_projection_recursive,lyme_prevalence
medium_emissions,2091,lyme_cases_per_100k,Lyme prevalence per 100k,43911.75134811585,-2043.6175124265355,4064.467898322452,47976.219246438304,scenario_projection_recursive,lyme_prevalence
medium_emissions,2092,lyme_cases_per_100k,Lyme prevalence per 100k,47976.219246438304,2262.101743295556,-539.7214801719692,47436.49776626634,scenario_projection_recursive,lyme_prevalence
medium_emissions,2093,lyme_cases_per_100k,Lyme prevalence per 100k,47436.49776626634,995.0083126595055,658.4323247181112,48094.930090984446,scenario_projection_recursive,lyme_prevalence
medium_emissions,2094,lyme_cases_per_100k,Lyme prevalence per 100k,48094.930090984446,259.04772308808606,750.7542151789091,48845.684306163355,scenario_projection_recursive,lyme_prevalence
medium_emissions,2095,lyme_cases_per_100k,Lyme prevalence per 100k,48845.684306163355,719.9802516919808,-2662.9979417903487,46182.686364373,scenario_projection_recursive,lyme_prevalence
medium_emissions,2096,lyme_cases_per_100k,Lyme prevalence per 100k,46182.686364373,-1525.0805561339293,1333.8688940370687,47516.55525841007,scenario_projection_recursive,lyme_prevalence
medium_emissions,2097,lyme_cases_per_100k,Lyme prevalence per 100k,47516.55525841007,1.5799487612675875,2194.6681819075793,49711.223440317655,scenario_projection_recursive,lyme_prevalence
medium_emissions,2098,lyme_cases_per_100k,Lyme prevalence per 100k,49711.223440317655,1907.7350859507424,-1754.708516331177,47956.51492398648,scenario_projection_recursive,lyme_prevalence
medium_emissions,2099,lyme_cases_per_100k,Lyme prevalence per 100k,47956.51492398648,-438.2496169182559,-1729.1030804935006,46227.41184349298,scenario_projection_recursive,lyme_prevalence
medium_emissions,2100,lyme_cases_per_100k,Lyme prevalence per 100k,46227.41184349298,-1737.638225772731,186.2736208020317,46413.685464295006,scenario_projection_recursive,lyme_prevalence
high_emissions,2026,kme_cases_per_100k,KME prevalence per 100k,124.90479710507212,2.108255986713573,43.91274234547322,168.81753945054533,scenario_projection_recursive,kme_prevalence
high_emissions,2027,kme_cases_per_100k,KME prevalence per 100k,147.2790014561962,21.538537994349127,-8.783292352606562,138.49570910358963,scenario_projection_recursive,kme_prevalence
high_emissions,2028,kme_cases_per_100k,KME prevalence per 100k,144.77543388197356,-6.2797247783839225,53.12971083623735,197.90514471821092,scenario_projection_recursive,kme_prevalence
high_emissions,2029,kme_cases_per_100k,KME prevalence per 100k,168.40613109078194,29.49901362742898,19.13559758728535,187.5417286780673,scenario_projection_recursive,kme_prevalence
high_emissions,2030,kme_cases_per_100k,KME prevalence per 100k,174.64752749995594,12.89420117811136,-38.84284371771092,135.80468378224504,scenario_projection_recursive,kme_prevalence
high_emissions,2031,kme_cases_per_100k,KME prevalence per 100k,173.75051905950772,-37.94583527726269,24.092355382570663,197.8428744420784,scenario_projection_recursive,kme_prevalence
high_emissions,2032,kme_cases_per_100k,KME prevalence per 100k,173.72976230079692,24.113112141281476,119.22757517427227,292.9573374750692,scenario_projection_recursive,kme_prevalence
high_emissions,2033,kme_cases_per_100k,KME prevalence per 100k,208.86829856646423,84.08903890860498,49.838993690545564,258.7072922570098,scenario_projection_recursive,kme_prevalence
high_emissions,2034,kme_cases_per_100k,KME prevalence per 100k,249.83583472471912,8.871457532290663,159.28743993384967,409.1232746585688,scenario_projection_recursive,kme_prevalence
high_emissions,2035,kme_cases_per_100k,KME prevalence per 100k,320.2626347968826,88.8606398616862,-12.042622329260748,308.22001246762187,scenario_projection_recursive,kme_prevalence
high_emissions,2036,kme_cases_per_100k,KME prevalence per 100k,325.3501931277335,-17.130180660111648,-28.35791059039267,296.9922825373408,scenario_projection_recursive,kme_prevalence
high_emissions,2037,kme_cases_per_100k,KME prevalence per 100k,338.1118565545105,-41.11957401716967,18.50278901320606,356.61464556771654,scenario_projection_recursive,kme_prevalence
high_emissions,2038,kme_cases_per_100k,KME prevalence per 100k,320.6089801908931,36.00566537682346,65.20617461150088,385.815154802394,scenario_projection_recursive,kme_prevalence
high_emissions,2039,kme_cases_per_100k,KME prevalence per 100k,346.4740276358171,39.34112716657688,92.31247550869874,438.78650314451585,scenario_projection_recursive,kme_prevalence
high_emissions,2040,kme_cases_per_100k,KME prevalence per 100k,393.7387678382088,45.04773530630706,-14.822725956494498,378.9160418817143,scenario_projection_recursive,kme_prevalence
high_emissions,2041,kme_cases_per_100k,KME prevalence per 100k,401.17256660954143,-22.256524727827127,51.27542113191156,452.447987741453,scenario_projection_recursive,kme_prevalence
high_emissions,2042,kme_cases_per_100k,KME prevalence per 100k,423.3835109225611,29.064476818891933,15.273757758979006,438.6572686815401,scenario_projection_recursive,kme_prevalence
high_emissions,2043,kme_cases_per_100k,KME prevalence per 100k,423.3404327682358,15.31683591330426,4.206637012354289,427.5470697805901,scenario_projection_recursive,kme_prevalence
high_emissions,2044,kme_cases_per_100k,KME prevalence per 100k,439.5507754011944,-12.003705620604308,-42.43362102844796,397.1171543727464,scenario_projection_recursive,kme_prevalence
high_emissions,2045,kme_cases_per_100k,KME prevalence per 100k,421.1071642782922,-23.990009905545776,-66.29922811842863,354.8079361598636,scenario_projection_recursive,kme_prevalence
high_emissions,2046,kme_cases_per_100k,KME prevalence per 100k,393.15738677106674,-38.34945061120317,67.95140002207938,461.1087867931461,scenario_projection_recursive,kme_prevalence
high_emissions,2047,kme_cases_per_100k,KME prevalence per 100k,404.34462577525204,56.76416101789408,-21.990425823936732,382.3541999513153,scenario_projection_recursive,kme_prevalence
high_emissions,2048,kme_cases_per_100k,KME prevalence per 100k,399.4236409681084,-17.069441016793064,-42.6346238827517,356.7890170853567,scenario_projection_recursive,kme_prevalence
high_emissions,2049,kme_cases_per_100k,KME prevalence per 100k,400.084001276606,-43.294984191249284,46.55219061474375,446.63619189134977,scenario_projection_recursive,kme_prevalence
high_emissions,2050,kme_cases_per_100k,KME prevalence per 100k,395.2598029760073,51.37638891534249,113.51397868362501,508.7737816596323,scenario_projection_recursive,kme_prevalence
high_emissions,2051,kme_cases_per_100k,KME prevalence per 100k,437.39966354544623,71.37411811418605,52.223254043610694,489.6229175890569,scenario_projection_recursive,kme_prevalence
high_emissions,2052,kme_cases_per_100k,KME prevalence per 100k,481.67763038001294,7.945287209043954,58.75094536577406,540.428575745787,scenario_projection_recursive,kme_prevalence
high_emissions,2053,kme_cases_per_100k,KME prevalence per 100k,512.9417583314921,27.486817414294933,14.90819220099785,527.84995053249,scenario_projection_recursive,kme_prevalence
high_emissions,2054,kme_cases_per_100k,KME prevalence per 100k,519.3004812891113,8.549469243378667,21.34524222542427,540.6457235145356,scenario_projection_recursive,kme_prevalence
high_emissions,2055,kme_cases_per_100k,KME prevalence per 100k,536.3080832642709,4.3376402502647124,70.20741740039827,606.5155006646692,scenario_projection_recursive,kme_prevalence
high_emissions,2056,kme_cases_per_100k,KME prevalence per 100k,558.3370582372316,48.17844242743752,58.105498944437585,616.4425571816693,scenario_projection_recursive,kme_prevalence
high_emissions,2057,kme_cases_per_100k,KME prevalence per 100k,587.8679271202913,28.574630061378002,35.33503458525712,623.2029617055484,scenario_projection_recursive,kme_prevalence
high_emissions,2058,kme_cases_per_100k,KME prevalence per 100k,615.3870065172956,7.815955188252815,-3.559272017711425,611.8277344995842,scenario_projection_recursive,kme_prevalence
high_emissions,2059,kme_cases_per_100k,KME prevalence per 100k,617.1577511289339,-5.330016629349757,75.79986451450334,692.9576156434373,scenario_projection_recursive,kme_prevalence
high_emissions,2060,kme_cases_per_100k,KME prevalence per 100k,642.66277061619,50.294845027247334,19.69125311097469,662.3540237271646,scenario_projection_recursive,kme_prevalence
high_emissions,2061,kme_cases_per_100k,KME prevalence per 100k,655.7131246233953,6.640899103769357,32.892369485793694,688.605494109189,scenario_projection_recursive,kme_prevalence
high_emissions,2062,kme_cases_per_100k,KME prevalence per 100k,681.3057111599303,7.299782949258656,106.98228472093477,788.2879958808651,scenario_projection_recursive,kme_prevalence
high_emissions,2063,kme_cases_per_100k,KME prevalence per 100k,713.0825045724063,75.20549130845882,46.71342232031884,759.7959268927251,scenario_projection_recursive,kme_prevalence
high_emissions,2064,kme_cases_per_100k,KME prevalence per 100k,745.5631389609263,14.232787931798839,-37.23112135443414,708.3320176064922,scenario_projection_recursive,kme_prevalence
high_emissions,2065,kme_cases_per_100k,KME prevalence per 100k,752.1386467933607,-43.80662918686858,-61.57565670023379,690.5629900931269,scenario_projection_recursive,kme_prevalence
high_emissions,2066,kme_cases_per_100k,KME prevalence per 100k,719.5636448641147,-29.000654770987808,42.180954318810706,761.7445991829254,scenario_projection_recursive,kme_prevalence
high_emissions,2067,kme_cases_per_100k,KME prevalence per 100k,720.2132022941814,41.531396888743984,56.75375793875766,776.9669602329391,scenario_projection_recursive,kme_prevalence
high_emissions,2068,kme_cases_per_100k,KME prevalence per 100k,743.091516502997,33.87544372994205,85.30110373035933,828.3926202333564,scenario_projection_recursive,kme_prevalence
high_emissions,2069,kme_cases_per_100k,KME prevalence per 100k,789.0347265497403,39.35789368361611,59.615264544661855,848.6499910944021,scenario_projection_recursive,kme_prevalence
high_emissions,2070,kme_cases_per_100k,KME prevalence per 100k,818.0031905202326,30.64680057416956,-10.159861108415793,807.8433294118167,scenario_projection_recursive,kme_prevalence
high_emissions,2071,kme_cases_per_100k,KME prevalence per 100k,828.2953135798584,-20.45198416804169,26.872599372586382,855.1679129524448,scenario_projection_recursive,kme_prevalence
high_emissions,2072,kme_cases_per_100k,KME prevalence per 100k,837.2204111528878,17.947501799557017,17.06126191859406,854.2816730714818,scenario_projection_recursive,kme_prevalence
high_emissions,2073,kme_cases_per_100k,KME prevalence per 100k,839.0976384785812,15.184034592900616,32.0501097961408,871.147748274722,scenario_projection_recursive,kme_prevalence
high_emissions,2074,kme_cases_per_100k,KME prevalence per 100k,860.1991114328829,10.948636841839061,100.29627848580493,960.4953899186878,scenario_projection_recursive,kme_prevalence
high_emissions,2075,kme_cases_per_100k,KME prevalence per 100k,895.3082704216305,65.18711949705732,67.0421631450922,962.3504335667227,scenario_projection_recursive,kme_prevalence
high_emissions,2076,kme_cases_per_100k,KME prevalence per 100k,931.3311905867108,31.01924298001188,19.009615806553956,950.3408063932648,scenario_projection_recursive,kme_prevalence
high_emissions,2077,kme_cases_per_100k,KME prevalence per 100k,957.7288766262251,-7.388070232960331,96.10685054883167,1053.8357271750567,scenario_projection_recursive,kme_prevalence
high_emissions,2078,kme_cases_per_100k,KME prevalence per 100k,988.8423223783481,64.99340479670866,21.414953034763716,1010.2572754131118,scenario_projection_recursive,kme_prevalence
high_emissions,2079,kme_cases_per_100k,KME prevalence per 100k,1004.8112696604777,5.446005752634051,27.844452194690025,1032.6557218551677,scenario_projection_recursive,kme_prevalence
high_emissions,2080,kme_cases_per_100k,KME prevalence per 100k,1032.2495748144454,0.4061470407223169,26.78747552691232,1059.0370503413578,scenario_projection_recursive,kme_prevalence
high_emissions,2081,kme_cases_per_100k,KME prevalence per 100k,1033.9833492032124,25.05370113814547,7.733174625295508,1041.716523828508,scenario_projection_recursive,kme_prevalence
high_emissions,2082,kme_cases_per_100k,KME prevalence per 100k,1044.4697653416779,-2.7532415131699963,50.71223408122235,1095.1819994229002,scenario_projection_recursive,kme_prevalence
high_emissions,2083,kme_cases_per_100k,KME prevalence per 100k,1065.3118578642552,29.870141558644946,97.10624405484093,1162.4181019190962,scenario_projection_recursive,kme_prevalence
high_emissions,2084,kme_cases_per_100k,KME prevalence per 100k,1099.772208390168,62.64589352892813,22.98958232287639,1122.7617907130445,scenario_projection_recursive,kme_prevalence
high_emissions,2085,kme_cases_per_100k,KME prevalence per 100k,1126.7872973516803,-4.025506638635761,70.34096756521832,1197.1282649168986,scenario_projection_recursive,kme_prevalence
high_emissions,2086,kme_cases_per_100k,KME prevalence per 100k,1160.7693858496798,36.35887906721882,5.163247671985349,1165.9326335216651,scenario_projection_recursive,kme_prevalence
high_emissions,2087,kme_cases_per_100k,KME prevalence per 100k,1161.9408963838694,3.9917371377957807,-12.315183922158834,1149.6257124617105,scenario_projection_recursive,kme_prevalence
high_emissions,2088,kme_cases_per_100k,KME prevalence per 100k,1170.895536966758,-21.26982450504761,30.220164447293104,1201.1157014140513,scenario_projection_recursive,kme_prevalence
high_emissions,2089,kme_cases_per_100k,KME prevalence per 100k,1172.2246824658089,28.89101894824239,112.28819839592775,1284.5128808617367,scenario_projection_recursive,kme_prevalence
high_emissions,2090,kme_cases_per_100k,KME prevalence per 100k,1211.7514315791661,72.76144928257054,-81.38485237837178,1130.3665792007944,scenario_projection_recursive,kme_prevalence
high_emissions,2091,kme_cases_per_100k,KME prevalence per 100k,1205.331720492194,-74.96514129139973,139.1735465291401,1344.5052670213342,scenario_projection_recursive,kme_prevalence
high_emissions,2092,kme_cases_per_100k,KME prevalence per 100k,1253.1282423612884,91.37702466004589,41.91192581914463,1295.040168180433,scenario_projection_recursive,kme_prevalence
high_emissions,2093,kme_cases_per_100k,KME prevalence per 100k,1256.6373381341873,38.402830046245754,87.39431353897236,1344.0316516731596,scenario_projection_recursive,kme_prevalence
high_emissions,2094,kme_cases_per_100k,KME prevalence per 100k,1327.859028958309,16.172622714850604,6.376594891838398,1334.2356238501472,scenario_projection_recursive,kme_prevalence
high_emissions,2095,kme_cases_per_100k,KME prevalence per 100k,1324.4358145679134,9.79980928223381,16.59486254214953,1341.030677110063,scenario_projection_recursive,kme_prevalence
high_emissions,2096,kme_cases_per_100k,KME prevalence per 100k,1339.7659842111232,1.2646928989397566,-46.41748798914256,1293.3484962219807,scenario_projection_recursive,kme_prevalence
high_emissions,2097,kme_cases_per_100k,KME prevalence per 100k,1322.8715990607304,-29.523102838749764,62.01834350166395,1384.8899425623945,scenario_projection_recursive,kme_prevalence
high_emissions,2098,kme_cases_per_100k,KME prevalence per 100k,1339.7563719648126,45.133570597581866,-4.121931823800903,1335.6344401410117,scenario_projection_recursive,kme_prevalence
high_emissions,2099,kme_cases_per_100k,KME prevalence per 100k,1337.9576263084625,-2.3231861674507854,63.962610275125016,1401.9202365835874,scenario_projection_recursive,kme_prevalence
high_emissions,2100,kme_cases_per_100k,KME prevalence per 100k,1374.1482064289978,27.77203015458963,-13.655635502535812,1360.492570926462,scenario_projection_recursive,kme_prevalence
medium_emissions,2026,kme_cases_per_100k,KME prevalence per 100k,124.90479710507212,2.108255986713573,201.77266172679143,326.67745883186353,scenario_projection_recursive,kme_prevalence
medium_emissions,2027,kme_cases_per_100k,KME prevalence per 100k,199.89897458330225,126.77848424856128,32.368935716591395,232.26791029989363,scenario_projection_recursive,kme_prevalence
medium_emissions,2028,kme_cases_per_100k,KME prevalence per 100k,228.6528074078476,3.615102892046025,22.896172075176022,251.54897948302363,scenario_projection_recursive,kme_prevalence
medium_emissions,2029,kme_cases_per_100k,KME prevalence per 100k,270.1647828715936,-18.615803388569987,-97.84808275342155,172.31670011817207,scenario_projection_recursive,kme_prevalence
medium_emissions,2030,kme_cases_per_100k,KME prevalence per 100k,218.71119663369643,-46.39449651552437,24.155414288661913,242.86661092235835,scenario_projection_recursive,kme_prevalence
medium_emissions,2031,kme_cases_per_100k,KME prevalence per 100k,222.24409684118464,20.622514081173705,127.32910342373025,349.5732002649149,scenario_projection_recursive,kme_prevalence
medium_emissions,2032,kme_cases_per_100k,KME prevalence per 100k,254.91883710181511,94.65436316309976,8.967198450191095,263.8860355520062,scenario_projection_recursive,kme_prevalence
medium_emissions,2033,kme_cases_per_100k,KME prevalence per 100k,285.4419489130932,-21.555913361086994,-11.653672504928313,273.7882764081649,scenario_projection_recursive,kme_prevalence
medium_emissions,2034,kme_cases_per_100k,KME prevalence per 100k,295.7491707416953,-21.960894333530405,79.64022147834879,375.3893922200441,scenario_projection_recursive,kme_prevalence
medium_emissions,2035,kme_cases_per_100k,KME prevalence per 100k,304.3545680600717,71.0348241599724,-4.484624308136507,299.8699437519352,scenario_projection_recursive,kme_prevalence
medium_emissions,2036,kme_cases_per_100k,KME prevalence per 100k,316.3492041267147,-16.47926037477953,-5.960768195388233,310.38843593132646,scenario_projection_recursive,kme_prevalence
medium_emissions,2037,kme_cases_per_100k,KME prevalence per 100k,328.54925730110193,-18.160821369775476,101.14403832346578,429.6932956245677,scenario_projection_recursive,kme_prevalence
medium_emissions,2038,kme_cases_per_100k,KME prevalence per 100k,346.65055843594314,83.04273718862459,-25.42416671812787,321.22639171781526,scenario_projection_recursive,kme_prevalence
medium_emissions,2039,kme_cases_per_100k,KME prevalence per 100k,353.76937442456983,-32.54298270675457,88.70156683940623,442.47094126397604,scenario_projection_recursive,kme_prevalence
medium_emissions,2040,kme_cases_per_100k,KME prevalence per 100k,397.7968762021197,44.67406506185637,-39.376669891003885,358.4202063111158,scenario_projection_recursive,kme_prevalence
medium_emissions,2041,kme_cases_per_100k,KME prevalence per 100k,374.0391797643024,-15.618973453186584,35.1851822950492,409.2243620593516,scenario_projection_recursive,kme_prevalence
medium_emissions,2042,kme_cases_per_100k,KME prevalence per 100k,403.37183654481447,5.852525514537149,-18.10322008042917,385.2686164643853,scenario_projection_recursive,kme_prevalence
medium_emissions,2043,kme_cases_per_100k,KME prevalence per 100k,384.3043949449509,0.9642215194343748,-61.77354590705086,322.53084903790005,scenario_projection_recursive,kme_prevalence
medium_emissions,2044,kme_cases_per_100k,KME prevalence per 100k,372.34127585387904,-49.810426815978985,3.5884766639299635,375.929752517809,scenario_projection_recursive,kme_prevalence
medium_emissions,2045,kme_cases_per_100k,KME prevalence per 100k,361.2430726733648,14.6866798444442,68.57510766310831,429.8181803364731,scenario_projection_recursive,kme_prevalence
medium_emissions,2046,kme_cases_per_100k,KME prevalence per 100k,376.09292729739406,53.725253039079064,80.61203652533712,456.7049638227312,scenario_projection_recursive,kme_prevalence
medium_emissions,2047,kme_cases_per_100k,KME prevalence per 100k,420.8176322256711,35.8873315970601,-23.839866757465064,396.97776546820603,scenario_projection_recursive,kme_prevalence
medium_emissions,2048,kme_cases_per_100k,KME prevalence per 100k,427.83363654247006,-30.85587107426403,60.99745724719804,488.8310937896681,scenario_projection_recursive,kme_prevalence
medium_emissions,2049,kme_cases_per_100k,KME prevalence per 100k,447.5046076935351,41.32648609613301,-19.554045075182742,427.95056261835236,scenario_projection_recursive,kme_prevalence
medium_emissions,2050,kme_cases_per_100k,KME prevalence per 100k,437.9198072920755,-9.969244673723153,34.35895295986431,472.27876025193984,scenario_projection_recursive,kme_prevalence
medium_emissions,2051,kme_cases_per_100k,KME prevalence per 100k,463.02013888665346,9.258621365286388,5.981739043639568,469.001877930293,scenario_projection_recursive,kme_prevalence
medium_emissions,2052,kme_cases_per_100k,KME prevalence per 100k,456.4104002668617,12.591477663431306,-30.715077544972228,425.69532272188945,scenario_projection_recursive,kme_prevalence
medium_emissions,2053,kme_cases_per_100k,KME prevalence per 100k,455.65865363470743,-29.96333091281798,9.748916738660146,465.4075703733676,scenario_projection_recursive,kme_prevalence
medium_emissions,2054,kme_cases_per_100k,KME prevalence per 100k,453.36825700851665,12.039313364850955,-5.00100842916407,448.3672485793526,scenario_projection_recursive,kme_prevalence
medium_emissions,2055,kme_cases_per_100k,KME prevalence per 100k,446.49004722486984,1.877201354482736,121.26038521089181,567.7504324357617,scenario_projection_recursive,kme_prevalence
medium_emissions,2056,kme_cases_per_100k,KME prevalence per 100k,493.8417504628273,73.9086819729344,9.197463073551166,503.03921353637844,scenario_projection_recursive,kme_prevalence
medium_emissions,2057,kme_cases_per_100k,KME prevalence per 100k,506.38563151716426,-3.346417980785816,-96.51102607059958,409.87460544656466,scenario_projection_recursive,kme_prevalence
medium_emissions,2058,kme_cases_per_100k,KME prevalence per 100k,493.55475047290156,-83.6801450263369,-1.4698743822959663,492.0848760906056,scenario_projection_recursive,kme_prevalence
medium_emissions,2059,kme_cases_per_100k,KME prevalence per 100k,468.3328983578495,23.751977732756075,30.270786190297645,498.60368454814716,scenario_projection_recursive,kme_prevalence
medium_emissions,2060,kme_cases_per_100k,KME prevalence per 100k,466.8543886951058,31.74929585304136,40.291608708949425,507.1459974040552,scenario_projection_recursive,kme_prevalence
medium_emissions,2061,kme_cases_per_100k,KME prevalence per 100k,499.2781860142693,7.867811389785913,49.178819243001655,548.4570052572709,scenario_projection_recursive,kme_prevalence
medium_emissions,2062,kme_cases_per_100k,KME prevalence per 100k,518.0688957364911,30.388109520779835,89.17670487618852,607.2456006126796,scenario_projection_recursive,kme_prevalence
medium_emissions,2063,kme_cases_per_100k,KME prevalence per 100k,554.2828677580019,52.96273285467771,89.42585945702847,643.7087272150303,scenario_projection_recursive,kme_prevalence
medium_emissions,2064,kme_cases_per_100k,KME prevalence per 100k,599.8037776949936,43.904949520036666,7.418305622089793,607.2220833170834,scenario_projection_recursive,kme_prevalence
medium_emissions,2065,kme_cases_per_100k,KME prevalence per 100k,619.3921370482644,-12.170053731181042,-59.700418387650615,559.6917186606138,scenario_projection_recursive,kme_prevalence
medium_emissions,2066,kme_cases_per_100k,KME prevalence per 100k,603.5408430642425,-43.84912440362871,52.93131562077984,656.4721586850224,scenario_projection_recursive,kme_prevalence
medium_emissions,2067,kme_cases_per_100k,KME prevalence per 100k,607.7953202209065,48.676838464115804,22.75717746198153,630.5524976828881,scenario_projection_recursive,kme_prevalence
medium_emissions,2068,kme_cases_per_100k,KME prevalence per 100k,615.5721250095081,14.980372673379975,-24.01871407747986,591.5534109320282,scenario_projection_recursive,kme_prevalence
medium_emissions,2069,kme_cases_per_100k,KME prevalence per 100k,626.1926890999795,-34.63927816795126,-37.27410450490021,588.9185845950792,scenario_projection_recursive,kme_prevalence
medium_emissions,2070,kme_cases_per_100k,KME prevalence per 100k,603.6748310699985,-14.756246474919294,-40.78827096093451,562.886560109064,scenario_projection_recursive,kme_prevalence
medium_emissions,2071,kme_cases_per_100k,KME prevalence per 100k,581.1195185453904,-18.232958436326385,-27.122776258992847,553.9967422863975,scenario_projection_recursive,kme_prevalence
medium_emissions,2072,kme_cases_per_100k,KME prevalence per 100k,568.6006289968469,-14.603886710449387,33.51803255270518,602.1186615495521,scenario_projection_recursive,kme_prevalence
medium_emissions,2073,kme_cases_per_100k,KME prevalence per 100k,573.0006546483379,29.118006901214244,-46.10088755451291,526.899767093825,scenario_projection_recursive,kme_prevalence
medium_emissions,2074,kme_cases_per_100k,KME prevalence per 100k,561.0050569765916,-34.10528988276667,81.65215352950568,642.6572105060973,scenario_projection_recursive,kme_prevalence
medium_emissions,2075,kme_cases_per_100k,KME prevalence per 100k,590.5585463831582,52.09866412293911,-4.523414670807821,586.0351317123503,scenario_projection_recursive,kme_prevalence
medium_emissions,2076,kme_cases_per_100k,KME prevalence per 100k,585.1973697707575,0.8377619415928166,-32.26097597917919,552.9363937915783,scenario_projection_recursive,kme_prevalence
medium_emissions,2077,kme_cases_per_100k,KME prevalence per 100k,593.8762453366753,-40.939851545096985,-35.754904588367424,558.1213407483078,scenario_projection_recursive,kme_prevalence
medium_emissions,2078,kme_cases_per_100k,KME prevalence per 100k,565.6976220840788,-7.576281335771,-8.408573282471522,557.2890488016074,scenario_projection_recursive,kme_prevalence
medium_emissions,2079,kme_cases_per_100k,KME prevalence per 100k,556.1155944471644,1.1734543544429243,60.13684671952018,616.2524411666845,scenario_projection_recursive,kme_prevalence
medium_emissions,2080,kme_cases_per_100k,KME prevalence per 100k,577.2209435721999,39.03149759448468,161.4024193077049,738.6233628799048,scenario_projection_recursive,kme_prevalence
medium_emissions,2081,kme_cases_per_100k,KME prevalence per 100k,637.3882842827322,101.23507859717256,-37.57882725725959,599.8094570254726,scenario_projection_recursive,kme_prevalence
medium_emissions,2082,kme_cases_per_100k,KME prevalence per 100k,651.5617536906874,-51.75229666521477,-71.52145302561539,580.040300665072,scenario_projection_recursive,kme_prevalence
medium_emissions,2083,kme_cases_per_100k,KME prevalence per 100k,639.4910401901499,-59.45073952507789,66.52318163686896,706.0142218270188,scenario_projection_recursive,kme_prevalence
medium_emissions,2084,kme_cases_per_100k,KME prevalence per 100k,628.6213265058544,77.39289532116436,22.299106625320736,650.9204331311752,scenario_projection_recursive,kme_prevalence
medium_emissions,2085,kme_cases_per_100k,KME prevalence per 100k,645.6583185410886,5.262114590086526,-88.71790474970315,556.9404137913855,scenario_projection_recursive,kme_prevalence
medium_emissions,2086,kme_cases_per_100k,KME prevalence per 100k,637.9583562498598,-81.0179424584743,58.9452094140304,696.9035656638902,scenario_projection_recursive,kme_prevalence
medium_emissions,2087,kme_cases_per_100k,KME prevalence per 100k,634.9214708621503,61.98209480173989,65.1532927349344,700.0747635970847,scenario_projection_recursive,kme_prevalence
medium_emissions,2088,kme_cases_per_100k,KME prevalence per 100k,651.3062476841202,48.76851591296452,105.3401457847266,756.6463934688468,scenario_projection_recursive,kme_prevalence
medium_emissions,2089,kme_cases_per_100k,KME prevalence per 100k,717.8749075766073,38.771485892239525,-128.98409261162408,588.8908149649832,scenario_projection_recursive,kme_prevalence
medium_emissions,2090,kme_cases_per_100k,KME prevalence per 100k,681.8706573436383,-92.97984237865512,-21.03166366531003,660.8389936783283,scenario_projection_recursive,kme_prevalence
medium_emissions,2091,kme_cases_per_100k,KME prevalence per 100k,668.7920673707195,-7.953073692391172,49.20865657657403,718.0007239472935,scenario_projection_recursive,kme_prevalence
medium_emissions,2092,kme_cases_per_100k,KME prevalence per 100k,655.9101775302016,62.0905464170919,48.79507069573562,704.7052482259372,scenario_projection_recursive,kme_prevalence
medium_emissions,2093,kme_cases_per_100k,KME prevalence per 100k,694.5149886171863,10.190259608750921,10.782645503292716,705.2976341204791,scenario_projection_recursive,kme_prevalence
medium_emissions,2094,kme_cases_per_100k,KME prevalence per 100k,709.3345354312365,-4.036901310757457,-18.877813714449683,690.4567217167869,scenario_projection_recursive,kme_prevalence
medium_emissions,2095,kme_cases_per_100k,KME prevalence per 100k,700.1532013544011,-9.696479637614175,-95.42422605948796,604.7289752949131,scenario_projection_recursive,kme_prevalence
medium_emissions,2096,kme_cases_per_100k,KME prevalence per 100k,666.8277770440596,-62.09880174914656,-20.937446734395305,645.8903303096644,scenario_projection_recursive,kme_prevalence
medium_emissions,2097,kme_cases_per_100k,KME prevalence per 100k,647.0253424404548,-1.1350121307904146,11.464936369275339,658.4902788097302,scenario_projection_recursive,kme_prevalence
medium_emissions,2098,kme_cases_per_100k,KME prevalence per 100k,636.3698614714359,22.12041733829426,-42.98590719929005,593.3839542721458,scenario_projection_recursive,kme_prevalence
medium_emissions,2099,kme_cases_per_100k,KME prevalence per 100k,632.5881877971801,-39.20423352503428,17.13241112657943,649.7205989237596,scenario_projection_recursive,kme_prevalence
medium_emissions,2100,kme_cases_per_100k,KME prevalence per 100k,633.8649440018785,15.855654921881069,-22.067456670353817,611.7974873315246,scenario_projection_recursive,kme_prevalence
high_emissions,2026,tick_borne_cases_total_per_100k,Combined tick-borne prevalence per 100k,8066.91653449204,2248.357138376193,-2094.5294571236286,5972.387077368412,scenario_projection_recursive,combined_prevalence
high_emissions,2027,tick_borne_cases_total_per_100k,Combined tick-borne prevalence per 100k,5972.387077368412,-450.3657608040221,-215.1462296756397,5757.240847692772,scenario_projection_recursive,combined_prevalence
high_emissions,2028,tick_borne_cases_total_per_100k,Combined tick-borne prevalence per 100k,5757.240847692772,-841.607305491636,-62.007917378702814,5695.23293031407,scenario_projection_recursive,combined_prevalence
high_emissions,2029,tick_borne_cases_total_per_100k,Combined tick-borne prevalence per 100k,5695.23293031407,-113.05402147768291,1920.6591414159254,7615.892071729995,scenario_projection_recursive,combined_prevalence
high_emissions,2030,tick_borne_cases_total_per_100k,Combined tick-borne prevalence per 100k,7615.892071729995,1259.7701218177162,-2048.7301783639873,5567.161893366008,scenario_projection_recursive,combined_prevalence
high_emissions,2031,tick_borne_cases_total_per_100k,Combined tick-borne prevalence per 100k,5567.161893366008,-725.6004051040163,-330.9955253872024,5236.166367978806,scenario_projection_recursive,combined_prevalence
high_emissions,2032,tick_borne_cases_total_per_100k,Combined tick-borne prevalence per 100k,5236.166367978806,-903.5737430461304,5087.642161893131,10323.808529871938,scenario_projection_recursive,combined_prevalence
high_emissions,2033,tick_borne_cases_total_per_100k,Combined tick-borne prevalence per 100k,10323.808529871938,3281.4295994663526,-86.8194822982548,10236.989047573683,scenario_projection_recursive,combined_prevalence
high_emissions,2034,tick_borne_cases_total_per_100k,Combined tick-borne prevalence per 100k,10236.989047573683,1638.0010657655403,4468.637887231534,14705.626934805216,scenario_projection_recursive,combined_prevalence
high_emissions,2035,tick_borne_cases_total_per_100k,Combined tick-borne prevalence per 100k,14705.626934805216,2950.1520973882707,-977.3136788785034,13728.313255926712,scenario_projection_recursive,combined_prevalence
high_emissions,2036,tick_borne_cases_total_per_100k,Combined tick-borne prevalence per 100k,13728.313255926712,838.0035098248427,-308.62520145366375,13419.688054473048,scenario_projection_recursive,combined_prevalence
high_emissions,2037,tick_borne_cases_total_per_100k,Combined tick-borne prevalence per 100k,13419.688054473048,-531.5213605952777,2743.2328293380406,16162.92088381109,scenario_projection_recursive,combined_prevalence
high_emissions,2038,tick_borne_cases_total_per_100k,Combined tick-borne prevalence per 100k,16162.92088381109,1725.9468190741409,1719.5790783459922,17882.499962157082,scenario_projection_recursive,combined_prevalence
high_emissions,2039,tick_borne_cases_total_per_100k,Combined tick-borne prevalence per 100k,17882.499962157082,2060.796995343342,3909.494425531734,21791.994387688817,scenario_projection_recursive,combined_prevalence
high_emissions,2040,tick_borne_cases_total_per_100k,Combined tick-borne prevalence per 100k,21791.994387688817,3179.5226431364863,-507.6423040537461,21284.352083635073,scenario_projection_recursive,combined_prevalence
high_emissions,2041,tick_borne_cases_total_per_100k,Combined tick-borne prevalence per 100k,21284.352083635073,964.7366058080806,2576.5774770872304,23860.929560722303,scenario_projection_recursive,combined_prevalence
high_emissions,2042,tick_borne_cases_total_per_100k,Combined tick-borne prevalence per 100k,23860.929560722303,1548.5042167069041,802.4293274078666,24663.35888813017,scenario_projection_recursive,combined_prevalence
high_emissions,2043,tick_borne_cases_total_per_100k,Combined tick-borne prevalence per 100k,24663.35888813017,1393.8120439676568,2064.6740233853952,26728.032911515566,scenario_projection_recursive,combined_prevalence
high_emissions,2044,tick_borne_cases_total_per_100k,Combined tick-borne prevalence per 100k,26728.032911515566,1643.9257913928886,-1046.8592074168514,25681.173704098714,scenario_projection_recursive,combined_prevalence
high_emissions,2045,tick_borne_cases_total_per_100k,Combined tick-borne prevalence per 100k,25681.173704098714,-9.681463816104952,-1641.1033115737443,24040.07039252497,scenario_projection_recursive,combined_prevalence
high_emissions,2046,tick_borne_cases_total_per_100k,Combined tick-borne prevalence per 100k,24040.07039252497,-1443.0219435214494,2315.541172271861,26355.61156479683,scenario_projection_recursive,combined_prevalence
high_emissions,2047,tick_borne_cases_total_per_100k,Combined tick-borne prevalence per 100k,26355.61156479683,996.6596776566621,-512.5474749257755,25843.064089871055,scenario_projection_recursive,combined_prevalence
high_emissions,2048,tick_borne_cases_total_per_100k,Combined tick-borne prevalence per 100k,25843.064089871055,430.1487408067733,-130.3404807891568,25712.7236090819,scenario_projection_recursive,combined_prevalence
high_emissions,2049,tick_borne_cases_total_per_100k,Combined tick-borne prevalence per 100k,25712.7236090819,-257.7428121680314,938.8184860244003,26651.5420951063,scenario_projection_recursive,combined_prevalence
high_emissions,2050,tick_borne_cases_total_per_100k,Combined tick-borne prevalence per 100k,26651.5420951063,582.4321637532157,3990.3992207663587,30641.941315872657,scenario_projection_recursive,combined_prevalence
high_emissions,2051,tick_borne_cases_total_per_100k,Combined tick-borne prevalence per 100k,30641.941315872657,2973.2056425190385,948.9917774881817,31590.93309336084,scenario_projection_recursive,combined_prevalence
high_emissions,2052,tick_borne_cases_total_per_100k,Combined tick-borne prevalence per 100k,31590.93309336084,1962.794258580907,2198.8859084486257,33789.81900180947,scenario_projection_recursive,combined_prevalence
high_emissions,2053,tick_borne_cases_total_per_100k,Combined tick-borne prevalence per 100k,33789.81900180947,1782.2545314618146,2823.8046830672,36613.62368487667,scenario_projection_recursive,combined_prevalence
high_emissions,2054,tick_borne_cases_total_per_100k,Combined tick-borne prevalence per 100k,36613.62368487667,2615.4984248610053,593.7065468668354,37207.33023174351,scenario_projection_recursive,combined_prevalence
high_emissions,2055,tick_borne_cases_total_per_100k,Combined tick-borne prevalence per 100k,37207.33023174351,1337.0725922669662,1914.4367699964384,39121.76700173994,scenario_projection_recursive,combined_prevalence
high_emissions,2056,tick_borne_cases_total_per_100k,Combined tick-borne prevalence per 100k,39121.76700173994,1474.193362286569,2521.390872391684,41643.157874131626,scenario_projection_recursive,combined_prevalence
high_emissions,2057,tick_borne_cases_total_per_100k,Combined tick-borne prevalence per 100k,41643.157874131626,2319.0728382599336,1401.567884913987,43044.725759045614,scenario_projection_recursive,combined_prevalence
high_emissions,2058,tick_borne_cases_total_per_100k,Combined tick-borne prevalence per 100k,43044.725759045614,1774.8422140732218,464.8702620983256,43509.59602114394,scenario_projection_recursive,combined_prevalence
high_emissions,2059,tick_borne_cases_total_per_100k,Combined tick-borne prevalence per 100k,43509.59602114394,777.1028030368761,3518.5684928037317,47028.16451394767,scenario_projection_recursive,combined_prevalence
high_emissions,2060,tick_borne_cases_total_per_100k,Combined tick-borne prevalence per 100k,47028.16451394767,2500.669082568602,1954.8066026003332,48982.971116548004,scenario_projection_recursive,combined_prevalence
high_emissions,2061,tick_borne_cases_total_per_100k,Combined tick-borne prevalence per 100k,48982.971116548004,2476.0605660014626,1015.3118926165018,49998.28300916451,scenario_projection_recursive,combined_prevalence
high_emissions,2062,tick_borne_cases_total_per_100k,Combined tick-borne prevalence per 100k,49998.28300916451,1328.4767959444507,4341.520517287084,54339.80352645159,scenario_projection_recursive,combined_prevalence
high_emissions,2063,tick_borne_cases_total_per_100k,Combined tick-borne prevalence per 100k,54339.80352645159,3232.784309063558,2207.8536312291953,56547.65715768079,scenario_projection_recursive,combined_prevalence
high_emissions,2064,tick_borne_cases_total_per_100k,Combined tick-borne prevalence per 100k,56547.65715768079,2919.075926581827,698.0330886855338,57245.69024636633,scenario_projection_recursive,combined_prevalence
high_emissions,2065,tick_borne_cases_total_per_100k,Combined tick-borne prevalence per 100k,57245.69024636633,1201.3066028667527,-1296.908734714252,55948.78151165208,scenario_projection_recursive,combined_prevalence
high_emissions,2066,tick_borne_cases_total_per_100k,Combined tick-borne prevalence per 100k,55948.78151165208,-631.9281269143175,1697.811272646142,57646.59278429822,scenario_projection_recursive,combined_prevalence
high_emissions,2067,tick_borne_cases_total_per_100k,Combined tick-borne prevalence per 100k,57646.59278429822,699.571270192675,2349.0919063491283,59995.68469064735,scenario_projection_recursive,combined_prevalence
high_emissions,2068,tick_borne_cases_total_per_100k,Combined tick-borne prevalence per 100k,59995.68469064735,2131.9983617814723,3264.988148588199,63260.67283923555,scenario_projection_recursive,combined_prevalence
high_emissions,2069,tick_borne_cases_total_per_100k,Combined tick-borne prevalence per 100k,63260.67283923555,2959.6894011751865,1047.46030261269,64308.133141848244,scenario_projection_recursive,combined_prevalence
high_emissions,2070,tick_borne_cases_total_per_100k,Combined tick-borne prevalence per 100k,64308.133141848244,1786.636251271193,-48.02469238165372,64260.10844946659,scenario_projection_recursive,combined_prevalence
high_emissions,2071,tick_borne_cases_total_per_100k,Combined tick-borne prevalence per 100k,64260.10844946659,317.136972616463,2575.0881507314616,66835.19660019805,scenario_projection_recursive,combined_prevalence
high_emissions,2072,tick_borne_cases_total_per_100k,Combined tick-borne prevalence per 100k,66835.19660019805,1700.7172030270813,369.70496122329337,67204.90156142134,scenario_projection_recursive,combined_prevalence
high_emissions,2073,tick_borne_cases_total_per_100k,Combined tick-borne prevalence per 100k,67204.90156142134,1104.832691059346,1242.9215830844735,68447.82314450582,scenario_projection_recursive,combined_prevalence
high_emissions,2074,tick_borne_cases_total_per_100k,Combined tick-borne prevalence per 100k,68447.82314450582,951.8493757974211,3119.871802408199,71567.69494691402,scenario_projection_recursive,combined_prevalence
high_emissions,2075,tick_borne_cases_total_per_100k,Combined tick-borne prevalence per 100k,71567.69494691402,2494.221729300305,2088.8223323523034,73656.51727926632,scenario_projection_recursive,combined_prevalence
high_emissions,2076,tick_borne_cases_total_per_100k,Combined tick-borne prevalence per 100k,73656.51727926632,2432.5054890375905,2017.1156686036672,75673.63294786999,scenario_projection_recursive,combined_prevalence
high_emissions,2077,tick_borne_cases_total_per_100k,Combined tick-borne prevalence per 100k,75673.63294786999,2041.017889853203,4336.519611115887,80010.15255898588,scenario_projection_recursive,combined_prevalence
high_emissions,2078,tick_borne_cases_total_per_100k,Combined tick-borne prevalence per 100k,80010.15255898588,3563.3849636118102,-201.24394757768346,79808.9086114082,scenario_projection_recursive,combined_prevalence
high_emissions,2079,tick_borne_cases_total_per_100k,Combined tick-borne prevalence per 100k,79808.9086114082,1311.3439053201728,1041.5392330072139,80850.44784441542,scenario_projection_recursive,combined_prevalence
high_emissions,2080,tick_borne_cases_total_per_100k,Combined tick-borne prevalence per 100k,80850.44784441542,627.27817281225,3977.548101821818,84827.99594623724,scenario_projection_recursive,combined_prevalence
high_emissions,2081,tick_borne_cases_total_per_100k,Combined tick-borne prevalence per 100k,84827.99594623724,2998.8784788836056,181.27375637666705,85009.2697026139,scenario_projection_recursive,combined_prevalence
high_emissions,2082,tick_borne_cases_total_per_100k,Combined tick-borne prevalence per 100k,85009.2697026139,1446.6985381917184,1588.2393122992737,86597.50901491319,scenario_projection_recursive,combined_prevalence
high_emissions,2083,tick_borne_cases_total_per_100k,Combined tick-borne prevalence per 100k,86597.50901491319,1119.2507936584007,4140.856988291902,90738.36600320508,scenario_projection_recursive,combined_prevalence
high_emissions,2084,tick_borne_cases_total_per_100k,Combined tick-borne prevalence per 100k,90738.36600320508,3289.984429627686,353.5160446045386,91091.88204780962,scenario_projection_recursive,combined_prevalence
high_emissions,2085,tick_borne_cases_total_per_100k,Combined tick-borne prevalence per 100k,91091.88204780962,1615.9630258336547,3759.6443149491697,94851.52636275878,scenario_projection_recursive,combined_prevalence
high_emissions,2086,tick_borne_cases_total_per_100k,Combined tick-borne prevalence per 100k,94851.52636275878,2624.26822483429,1427.8802728449034,96279.4066356037,scenario_projection_recursive,combined_prevalence
high_emissions,2087,tick_borne_cases_total_per_100k,Combined tick-borne prevalence per 100k,96279.4066356037,2205.134953546338,1254.6162333173972,97534.02286892109,scenario_projection_recursive,combined_prevalence
high_emissions,2088,tick_borne_cases_total_per_100k,Combined tick-borne prevalence per 100k,97534.02286892109,1312.3709131599026,2295.4245051889047,99829.44737411,scenario_projection_recursive,combined_prevalence
high_emissions,2089,tick_borne_cases_total_per_100k,Combined tick-borne prevalence per 100k,99829.44737411,1948.4884145650576,3722.8677850091717,103552.31515911917,scenario_projection_recursive,combined_prevalence
high_emissions,2090,tick_borne_cases_total_per_100k,Combined tick-borne prevalence per 100k,103552.31515911917,3247.0533584024233,-5476.141200720153,98076.17395839901,scenario_projection_recursive,combined_prevalence
high_emissions,2091,tick_borne_cases_total_per_100k,Combined tick-borne prevalence per 100k,98076.17395839901,-2409.804872143708,6631.595246738784,104707.7692051378,scenario_projection_recursive,combined_prevalence
high_emissions,2092,tick_borne_cases_total_per_100k,Combined tick-borne prevalence per 100k,104707.7692051378,2595.683097585803,2298.207868608898,107005.97707374669,scenario_projection_recursive,combined_prevalence
high_emissions,2093,tick_borne_cases_total_per_100k,Combined tick-borne prevalence per 100k,107005.97707374669,3742.670327985543,1991.5787699274827,108997.55584367417,scenario_projection_recursive,combined_prevalence
high_emissions,2094,tick_borne_cases_total_per_100k,Combined tick-borne prevalence per 100k,108997.55584367417,2093.7884694879613,1733.327613632445,110730.88345730661,scenario_projection_recursive,combined_prevalence
high_emissions,2095,tick_borne_cases_total_per_100k,Combined tick-borne prevalence per 100k,110730.88345730661,1819.4113323974598,1548.8227374279488,112279.70619473456,scenario_projection_recursive,combined_prevalence
high_emissions,2096,tick_borne_cases_total_per_100k,Combined tick-borne prevalence per 100k,112279.70619473456,1610.3243628294586,107.16244338165143,112386.86863811621,scenario_projection_recursive,combined_prevalence
high_emissions,2097,tick_borne_cases_total_per_100k,Combined tick-borne prevalence per 100k,112386.86863811621,587.7158747304202,4666.172318169492,117053.04095628571,scenario_projection_recursive,combined_prevalence
high_emissions,2098,tick_borne_cases_total_per_100k,Combined tick-borne prevalence per 100k,117053.04095628571,3146.502359906881,3.730518984789569,117056.77147527049,scenario_projection_recursive,combined_prevalence
high_emissions,2099,tick_borne_cases_total_per_100k,Combined tick-borne prevalence per 100k,117056.77147527049,1557.8777853796928,2180.1630367657926,119236.93451203629,scenario_projection_recursive,combined_prevalence
high_emissions,2100,tick_borne_cases_total_per_100k,Combined tick-borne prevalence per 100k,119236.93451203629,1454.6855308387894,-858.7873669574387,118378.14714507885,scenario_projection_recursive,combined_prevalence
medium_emissions,2026,tick_borne_cases_total_per_100k,Combined tick-borne prevalence per 100k,8066.91653449204,2248.357138376193,1513.7261466304092,9580.64268112245,scenario_projection_recursive,combined_prevalence
medium_emissions,2027,tick_borne_cases_total_per_100k,Combined tick-borne prevalence per 100k,9580.64268112245,1955.137975032003,-1202.6055735405503,8378.0371075819,scenario_projection_recursive,combined_prevalence
medium_emissions,2028,tick_borne_cases_total_per_100k,Combined tick-borne prevalence per 100k,8378.0371075819,-297.1616668168972,128.9465839752936,8506.983691557194,scenario_projection_recursive,combined_prevalence
medium_emissions,2029,tick_borne_cases_total_per_100k,Combined tick-borne prevalence per 100k,8506.983691557194,-314.90413519665344,-1901.2198058597887,6605.763885697405,scenario_projection_recursive,combined_prevalence
medium_emissions,2030,tick_borne_cases_total_per_100k,Combined tick-borne prevalence per 100k,6605.763885697405,-1224.4976759147612,998.5369131341974,7604.300798831603,scenario_projection_recursive,combined_prevalence
medium_emissions,2031,tick_borne_cases_total_per_100k,Combined tick-borne prevalence per 100k,7604.300798831603,31.951340136201907,3936.5850619514613,11540.885860783064,scenario_projection_recursive,combined_prevalence
medium_emissions,2032,tick_borne_cases_total_per_100k,Combined tick-borne prevalence per 100k,11540.885860783064,2957.235679012374,-800.3494403527736,10740.536420430291,scenario_projection_recursive,combined_prevalence
medium_emissions,2033,tick_borne_cases_total_per_100k,Combined tick-borne prevalence per 100k,10740.536420430291,778.6287270819721,-1277.0760054078671,9463.460415022424,scenario_projection_recursive,combined_prevalence
medium_emissions,2034,tick_borne_cases_total_per_100k,Combined tick-borne prevalence per 100k,9463.460415022424,-1118.1671503895013,4277.733543009968,13741.193958032392,scenario_projection_recursive,combined_prevalence
medium_emissions,2035,tick_borne_cases_total_per_100k,Combined tick-borne prevalence per 100k,13741.193958032392,2426.1303602040243,-2336.779687900619,11404.414270131772,scenario_projection_recursive,combined_prevalence
medium_emissions,2036,tick_borne_cases_total_per_100k,Combined tick-borne prevalence per 100k,11404.414270131772,-131.94194426375725,1235.0945517704083,12639.50882190218,scenario_projection_recursive,combined_prevalence
medium_emissions,2037,tick_borne_cases_total_per_100k,Combined tick-borne prevalence per 100k,12639.50882190218,44.46980521339901,4888.2242343028865,17527.733056205067,scenario_projection_recursive,combined_prevalence
medium_emissions,2038,tick_borne_cases_total_per_100k,Combined tick-borne prevalence per 100k,17527.733056205067,3670.5143401253918,-256.1234160818485,17271.609640123217,scenario_projection_recursive,combined_prevalence
medium_emissions,2039,tick_borne_cases_total_per_100k,Combined tick-borne prevalence per 100k,17271.609640123217,1458.6591340463965,3607.5894099045754,20879.199050027793,scenario_projection_recursive,combined_prevalence
medium_emissions,2040,tick_borne_cases_total_per_100k,Combined tick-borne prevalence per 100k,20879.199050027793,2319.6851345757677,-1749.6932299442346,19129.50582008356,scenario_projection_recursive,combined_prevalence
medium_emissions,2041,tick_borne_cases_total_per_100k,Combined tick-borne prevalence per 100k,19129.50582008356,36.067650005366886,1825.4714049776155,20954.977225061175,scenario_projection_recursive,combined_prevalence
medium_emissions,2042,tick_borne_cases_total_per_100k,Combined tick-borne prevalence per 100k,20954.977225061175,633.749860003667,-367.5466135861259,20587.43061147505,scenario_projection_recursive,combined_prevalence
medium_emissions,2043,tick_borne_cases_total_per_100k,Combined tick-borne prevalence per 100k,20587.43061147505,363.45939260178784,-1750.375061786497,18837.055549688554,scenario_projection_recursive,combined_prevalence
medium_emissions,2044,tick_borne_cases_total_per_100k,Combined tick-borne prevalence per 100k,18837.055549688554,-1289.432245719705,1868.8224096079787,20705.877959296533,scenario_projection_recursive,combined_prevalence
medium_emissions,2045,tick_borne_cases_total_per_100k,Combined tick-borne prevalence per 100k,20705.877959296533,662.4232524764884,697.8028824863029,21403.680841782836,scenario_projection_recursive,combined_prevalence
medium_emissions,2046,tick_borne_cases_total_per_100k,Combined tick-borne prevalence per 100k,21403.680841782836,1088.142724860194,1256.8826805506126,22660.56352233345,scenario_projection_recursive,combined_prevalence
medium_emissions,2047,tick_borne_cases_total_per_100k,Combined tick-borne prevalence per 100k,22660.56352233345,1070.522747862513,-443.5295269759233,22217.033995357528,scenario_projection_recursive,combined_prevalence
medium_emissions,2048,tick_borne_cases_total_per_100k,Combined tick-borne prevalence per 100k,22217.033995357528,123.27454219958963,2835.151999305356,25052.185994662883,scenario_projection_recursive,combined_prevalence
medium_emissions,2049,tick_borne_cases_total_per_100k,Combined tick-borne prevalence per 100k,25052.185994662883,1742.2581572115923,608.7741789115619,25660.960173574444,scenario_projection_recursive,combined_prevalence
medium_emissions,2050,tick_borne_cases_total_per_100k,Combined tick-borne prevalence per 100k,25660.960173574444,1350.900119042828,-262.1395752479882,25398.820598326456,scenario_projection_recursive,combined_prevalence
medium_emissions,2051,tick_borne_cases_total_per_100k,Combined tick-borne prevalence per 100k,25398.820598326456,28.165009471860685,932.6966771960463,26331.517275522503,scenario_projection_recursive,combined_prevalence
medium_emissions,2052,tick_borne_cases_total_per_100k,Combined tick-borne prevalence per 100k,26331.517275522503,534.4179263813712,-378.6959555154883,25952.821320007013,scenario_projection_recursive,combined_prevalence
medium_emissions,2053,tick_borne_cases_total_per_100k,Combined tick-borne prevalence per 100k,25952.821320007013,58.43492205502116,-213.30162951677698,25739.519690490237,scenario_projection_recursive,combined_prevalence
medium_emissions,2054,tick_borne_cases_total_per_100k,Combined tick-borne prevalence per 100k,25739.519690490237,-268.4330715163451,-269.6384147535173,25469.88127573672,scenario_projection_recursive,combined_prevalence
medium_emissions,2055,tick_borne_cases_total_per_100k,Combined tick-borne prevalence per 100k,25469.88127573672,-250.85948634126908,4288.299821679307,29758.181097416025,scenario_projection_recursive,combined_prevalence
medium_emissions,2056,tick_borne_cases_total_per_100k,Combined tick-borne prevalence per 100k,29758.181097416025,2768.987076201698,-848.7168147571433,28909.464282658882,scenario_projection_recursive,combined_prevalence
medium_emissions,2057,tick_borne_cases_total_per_100k,Combined tick-borne prevalence per 100k,28909.464282658882,863.6220640550055,581.182171674516,29490.646454333397,scenario_projection_recursive,combined_prevalence
medium_emissions,2058,tick_borne_cases_total_per_100k,Combined tick-borne prevalence per 100k,29490.646454333397,104.54917619729531,1960.5087596174665,31451.155213950864,scenario_projection_recursive,combined_prevalence
medium_emissions,2059,tick_borne_cases_total_per_100k,Combined tick-borne prevalence per 100k,31451.155213950864,1500.7332303031508,208.59476977725012,31659.749983728114,scenario_projection_recursive,combined_prevalence
medium_emissions,2060,tick_borne_cases_total_per_100k,Combined tick-borne prevalence per 100k,31659.749983728114,792.5660997239866,668.7240292050672,32328.47401293318,scenario_projection_recursive,combined_prevalence
medium_emissions,2061,tick_borne_cases_total_per_100k,Combined tick-borne prevalence per 100k,32328.47401293318,515.3476093957943,2575.8853373813863,34904.35935031457,scenario_projection_recursive,combined_prevalence
medium_emissions,2062,tick_borne_cases_total_per_100k,Combined tick-borne prevalence per 100k,34904.35935031457,1940.1649013226197,1844.0149542790066,36748.37430459358,scenario_projection_recursive,combined_prevalence
medium_emissions,2063,tick_borne_cases_total_per_100k,Combined tick-borne prevalence per 100k,36748.37430459358,2087.9717486464724,2519.2026149794574,39267.57691957303,scenario_projection_recursive,combined_prevalence
medium_emissions,2064,tick_borne_cases_total_per_100k,Combined tick-borne prevalence per 100k,39267.57691957303,2294.1400614126396,-1362.6124011761594,37904.964518396875,scenario_projection_recursive,combined_prevalence
medium_emissions,2065,tick_borne_cases_total_per_100k,Combined tick-borne prevalence per 100k,37904.964518396875,-68.67406245761958,-369.1305838490896,37535.83393454779,scenario_projection_recursive,combined_prevalence
medium_emissions,2066,tick_borne_cases_total_per_100k,Combined tick-borne prevalence per 100k,37535.83393454779,-700.2911896247824,3216.2335450738356,40752.06747962162,scenario_projection_recursive,combined_prevalence
medium_emissions,2067,tick_borne_cases_total_per_100k,Combined tick-borne prevalence per 100k,40752.06747962162,2021.112168766187,382.2212237757733,41134.28870339739,scenario_projection_recursive,combined_prevalence
medium_emissions,2068,tick_borne_cases_total_per_100k,Combined tick-borne prevalence per 100k,41134.28870339739,1326.8919975417957,90.800293990608,41225.088997388,scenario_projection_recursive,combined_prevalence
medium_emissions,2069,tick_borne_cases_total_per_100k,Combined tick-borne prevalence per 100k,41225.088997388,187.94060391899984,-390.1109853233909,40834.9780120646,scenario_projection_recursive,combined_prevalence
medium_emissions,2070,tick_borne_cases_total_per_100k,Combined tick-borne prevalence per 100k,40834.9780120646,-229.80722555206012,-598.2398163074852,40236.73819575712,scenario_projection_recursive,combined_prevalence
medium_emissions,2071,tick_borne_cases_total_per_100k,Combined tick-borne prevalence per 100k,40236.73819575712,-528.8635393127843,-350.41584470578823,39886.322351051334,scenario_projection_recursive,combined_prevalence
medium_emissions,2072,tick_borne_cases_total_per_100k,Combined tick-borne prevalence per 100k,39886.322351051334,-433.02383523968456,1195.0329918356654,41081.355342887,scenario_projection_recursive,combined_prevalence
medium_emissions,2073,tick_borne_cases_total_per_100k,Combined tick-borne prevalence per 100k,41081.355342887,679.8833796551771,-1015.2194612231178,40066.13588166388,scenario_projection_recursive,combined_prevalence
medium_emissions,2074,tick_borne_cases_total_per_100k,Combined tick-borne prevalence per 100k,40066.13588166388,-278.4686435368567,3473.1671936205557,43539.303075284435,scenario_projection_recursive,combined_prevalence
medium_emissions,2075,tick_borne_cases_total_per_100k,Combined tick-borne prevalence per 100k,43539.303075284435,1977.0383086726652,-196.60443166461732,43342.69864361982,scenario_projection_recursive,combined_prevalence
medium_emissions,2076,tick_borne_cases_total_per_100k,Combined tick-borne prevalence per 100k,43342.69864361982,1026.6527767637745,-2382.5136554714286,40960.184988148394,scenario_projection_recursive,combined_prevalence
medium_emissions,2077,tick_borne_cases_total_per_100k,Combined tick-borne prevalence per 100k,40960.184988148394,-1653.87724753582,54.49692140408365,41014.68190955248,scenario_projection_recursive,combined_prevalence
medium_emissions,2078,tick_borne_cases_total_per_100k,Combined tick-borne prevalence per 100k,41014.68190955248,-757.839937554425,1062.9565672405454,42077.63847679302,scenario_projection_recursive,combined_prevalence
medium_emissions,2079,tick_borne_cases_total_per_100k,Combined tick-borne prevalence per 100k,42077.63847679302,726.8033519617238,1399.213289351071,43476.85176614409,scenario_projection_recursive,combined_prevalence
medium_emissions,2080,tick_borne_cases_total_per_100k,Combined tick-borne prevalence per 100k,43476.85176614409,1287.1277153142291,3942.9259673447696,47419.77773348886,scenario_projection_recursive,combined_prevalence
medium_emissions,2081,tick_borne_cases_total_per_100k,Combined tick-borne prevalence per 100k,47419.77773348886,3095.021741346871,-778.0292226159755,46641.74851087289,scenario_projection_recursive,combined_prevalence
medium_emissions,2082,tick_borne_cases_total_per_100k,Combined tick-borne prevalence per 100k,46641.74851087289,795.6225073709429,-4870.2902936076625,41771.45821726522,scenario_projection_recursive,combined_prevalence
medium_emissions,2083,tick_borne_cases_total_per_100k,Combined tick-borne prevalence per 100k,41771.45821726522,-3506.2032699437696,6131.729889059692,47903.18810632492,scenario_projection_recursive,combined_prevalence
medium_emissions,2084,tick_borne_cases_total_per_100k,Combined tick-borne prevalence per 100k,47903.18810632492,2464.389828170577,186.04517034187006,48089.23327666679,scenario_projection_recursive,combined_prevalence
medium_emissions,2085,tick_borne_cases_total_per_100k,Combined tick-borne prevalence per 100k,48089.23327666679,2167.9400765811442,-3908.577359298829,44180.65591736796,scenario_projection_recursive,combined_prevalence
medium_emissions,2086,tick_borne_cases_total_per_100k,Combined tick-borne prevalence per 100k,44180.65591736796,-2543.703182751924,3958.989557035461,48139.64547440343,scenario_projection_recursive,combined_prevalence
medium_emissions,2087,tick_borne_cases_total_per_100k,Combined tick-borne prevalence per 100k,48139.64547440343,1336.4672515907077,-508.84047438776815,47630.80500001566,scenario_projection_recursive,combined_prevalence
medium_emissions,2088,tick_borne_cases_total_per_100k,Combined tick-borne prevalence per 100k,47630.80500001566,980.4362027533134,2424.988415780088,50055.79341579575,scenario_projection_recursive,combined_prevalence
medium_emissions,2089,tick_borne_cases_total_per_100k,Combined tick-borne prevalence per 100k,50055.79341579575,1447.0454523908047,-3574.4352480186935,46481.358167777056,scenario_projection_recursive,combined_prevalence
medium_emissions,2090,tick_borne_cases_total_per_100k,Combined tick-borne prevalence per 100k,46481.358167777056,-1574.6273600857676,-1353.5961577529201,45127.76201002413,scenario_projection_recursive,combined_prevalence
medium_emissions,2091,tick_borne_cases_total_per_100k,Combined tick-borne prevalence per 100k,45127.76201002413,-2093.8758545081873,4170.19120052175,49297.953210545886,scenario_projection_recursive,combined_prevalence
medium_emissions,2092,tick_borne_cases_total_per_100k,Combined tick-borne prevalence per 100k,49297.953210545886,2328.928747763537,-541.5690801707703,48756.38413037512,scenario_projection_recursive,combined_prevalence
medium_emissions,2093,tick_borne_cases_total_per_100k,Combined tick-borne prevalence per 100k,48756.38413037512,1029.0176800600675,669.1467721183901,49425.530902493505,scenario_projection_recursive,combined_prevalence
medium_emissions,2094,tick_borne_cases_total_per_100k,Combined tick-borne prevalence per 100k,49425.530902493505,265.5748213553379,756.7233404681513,50182.25424296166,scenario_projection_recursive,combined_prevalence
medium_emissions,2095,tick_borne_cases_total_per_100k,Combined tick-borne prevalence per 100k,50182.25424296166,727.5311510182364,-2752.280320449278,47429.97392251238,scenario_projection_recursive,combined_prevalence
medium_emissions,2096,tick_borne_cases_total_per_100k,Combined tick-borne prevalence per 100k,47429.97392251238,-1582.6124334768028,1357.8299754821421,48787.80389799452,scenario_projection_recursive,combined_prevalence
medium_emissions,2097,tick_borne_cases_total_per_100k,Combined tick-borne prevalence per 100k,48787.80389799452,-12.2067898283276,2237.437131966263,51025.24102996078,scenario_projection_recursive,combined_prevalence
medium_emissions,2098,tick_borne_cases_total_per_100k,Combined tick-borne prevalence per 100k,51025.24102996078,1944.2347464715494,-1817.9837198934783,49207.2573100673,scenario_projection_recursive,combined_prevalence
medium_emissions,2099,tick_borne_cases_total_per_100k,Combined tick-borne prevalence per 100k,49207.2573100673,-466.17676927355933,-1744.4479189557485,47462.80939111156,scenario_projection_recursive,combined_prevalence
medium_emissions,2100,tick_borne_cases_total_per_100k,Combined tick-borne prevalence per 100k,47462.80939111156,-1768.9598526016562,177.80144704317468,47640.61083815473,scenario_projection_recursive,combined_prevalence
