init_month_start,lead_month,target_month_start,target_year,target_month,has_humidity,has_precipitation,has_soil,has_temperature,humidity_file_path,precipitation_file_path,soil_file_path,temperature_file_path,all_required_families_available,issue_year,issue_month,target_month_of_year_sin,target_month_of_year_cos,table_role,latest_observed_month_available,grib_value_extraction_ready,notes,historical_backtest_support_temperature,historical_backtest_support_humidity,historical_backtest_support_precipitation,historical_backtest_support_soil,table_scope,requested_raw_variables,historical_reference_features,available_short_names,missing_short_names,family_notes,family_row_extraction_status,ensemble_member_count,grid_cell_count,air_temperature_c_mean_forecast,relative_humidity_pct_mean_forecast,precipitation_sum_mm_forecast,soil_temperature_level_1_c_mean_forecast,soil_temperature_level_2_c_mean_forecast,soil_water_layer_1_m3_m3_mean_forecast,soil_water_layer_2_m3_m3_mean_forecast,air_temperature_c_mean_forecast_p10,air_temperature_c_mean_forecast_p50,air_temperature_c_mean_forecast_p90,air_temperature_c_mean_forecast_std,relative_humidity_pct_mean_forecast_p10,relative_humidity_pct_mean_forecast_p50,relative_humidity_pct_mean_forecast_p90,relative_humidity_pct_mean_forecast_std,precipitation_sum_mm_forecast_p10,precipitation_sum_mm_forecast_p50,precipitation_sum_mm_forecast_p90,precipitation_sum_mm_forecast_std,soil_temperature_level_1_c_mean_forecast_p10,soil_temperature_level_1_c_mean_forecast_p50,soil_temperature_level_1_c_mean_forecast_p90,soil_temperature_level_1_c_mean_forecast_std,soil_temperature_level_2_c_mean_forecast_p10,soil_temperature_level_2_c_mean_forecast_p50,soil_temperature_level_2_c_mean_forecast_p90,soil_temperature_level_2_c_mean_forecast_std,soil_water_layer_1_m3_m3_mean_forecast_p10,soil_water_layer_1_m3_m3_mean_forecast_p50,soil_water_layer_1_m3_m3_mean_forecast_p90,soil_water_layer_1_m3_m3_mean_forecast_std,soil_water_layer_2_m3_m3_mean_forecast_p10,soil_water_layer_2_m3_m3_mean_forecast_p50,soil_water_layer_2_m3_m3_mean_forecast_p90,soil_water_layer_2_m3_m3_mean_forecast_std,available_variable_families,family_extraction_statuses,has_air_temperature_c_mean_forecast,has_relative_humidity_pct_mean_forecast,has_precipitation_sum_mm_forecast,has_soil_temperature_level_1_c_mean_forecast,has_soil_temperature_level_2_c_mean_forecast,has_soil_water_layer_1_m3_m3_mean_forecast,has_soil_water_layer_2_m3_m3_mean_forecast,has_core_operational_block,has_full_requested_feature_block,has_any_soil_forecast_feature,usable_core_weather_block_ready
2026-01-01,1,2026-02-01,2026,2,True,True,True,True,C:\Users\George\RavenNode-MAIN-laptop_J\Libary MAIN JS\Python-combined model v1\Predikcijski model prevalence V1\raw\copernicus\forecast\copernicus_humidity\seasonal-monthly-single-levels\seasonal-monthly-single-levels_ecmwf_system_51_copernicus_humidity_init_2026_01_lead_1-6.grib,C:\Users\George\RavenNode-MAIN-laptop_J\Libary MAIN JS\Python-combined model v1\Predikcijski model prevalence V1\raw\copernicus\forecast\copernicus_precipitation\seasonal-monthly-single-levels\seasonal-monthly-single-levels_ecmwf_system_51_copernicus_precipitation_init_2026_01_lead_1-6.grib,C:\Users\George\RavenNode-MAIN-laptop_J\Libary MAIN JS\Python-combined model v1\Predikcijski model prevalence V1\raw\copernicus\forecast\copernicus_soil\seasonal-monthly-single-levels\seasonal-monthly-single-levels_ecmwf_system_51_copernicus_soil_init_2026_01_lead_1-6.grib,C:\Users\George\RavenNode-MAIN-laptop_J\Libary MAIN JS\Python-combined model v1\Predikcijski model prevalence V1\raw\copernicus\forecast\copernicus_temperature\seasonal-monthly-single-levels\seasonal-monthly-single-levels_ecmwf_system_51_copernicus_temperature_init_2026_01_lead_1-6.grib,True,2026,1,0.8660254037844386,0.5000000000000001,future_operational_template,2025-12-01,True,Numeric forecast extraction succeeded for the operational monthly-stats weather block. The deeper soil temperature and soil-water layers are not provided by this CDS monthly dataset.,72,0,0,0,future_operational,2m_temperature; 2m_temperature; 2m_dewpoint_temperature; soil_temperature_level_1; total_precipitation,air_temperature_c_mean; precipitation_sum_mm; relative_humidity_pct_mean; soil_temperature_level_1_c_mean,d2m; t2m; stl1; t2m; tprate,,,ok_complete,51,8,-2.454639629289193,77.33628714907825,60.9938520938158,0.05726102941178744,,,,-4.439306640624977,-2.3350585937499773,-0.6094726562499773,1.5363094973546698,72.10914336754468,77.70691322202624,82.39648844700865,3.6821974631888903,28.87607552111149,59.89519413560629,103.39632863178849,27.226292957657318,-1.0503906249999773,0.10415039062502274,0.8620849609375227,0.6674189810532097,,,,,,,,,,,,,copernicus_humidity; copernicus_precipitation; copernicus_soil; copernicus_temperature,copernicus_humidity:ok_complete; copernicus_precipitation:ok_complete; copernicus_soil:ok_complete; copernicus_temperature:ok_complete,True,True,True,True,False,False,False,True,False,True,True
2026-01-01,2,2026-03-01,2026,3,True,True,True,True,C:\Users\George\RavenNode-MAIN-laptop_J\Libary MAIN JS\Python-combined model v1\Predikcijski model prevalence V1\raw\copernicus\forecast\copernicus_humidity\seasonal-monthly-single-levels\seasonal-monthly-single-levels_ecmwf_system_51_copernicus_humidity_init_2026_01_lead_1-6.grib,C:\Users\George\RavenNode-MAIN-laptop_J\Libary MAIN JS\Python-combined model v1\Predikcijski model prevalence V1\raw\copernicus\forecast\copernicus_precipitation\seasonal-monthly-single-levels\seasonal-monthly-single-levels_ecmwf_system_51_copernicus_precipitation_init_2026_01_lead_1-6.grib,C:\Users\George\RavenNode-MAIN-laptop_J\Libary MAIN JS\Python-combined model v1\Predikcijski model prevalence V1\raw\copernicus\forecast\copernicus_soil\seasonal-monthly-single-levels\seasonal-monthly-single-levels_ecmwf_system_51_copernicus_soil_init_2026_01_lead_1-6.grib,C:\Users\George\RavenNode-MAIN-laptop_J\Libary MAIN JS\Python-combined model v1\Predikcijski model prevalence V1\raw\copernicus\forecast\copernicus_temperature\seasonal-monthly-single-levels\seasonal-monthly-single-levels_ecmwf_system_51_copernicus_temperature_init_2026_01_lead_1-6.grib,True,2026,1,1.0,6.123233995736766e-17,future_operational_template,2025-12-01,True,Numeric forecast extraction succeeded for the operational monthly-stats weather block. The deeper soil temperature and soil-water layers are not provided by this CDS monthly dataset.,72,0,0,0,future_operational,2m_temperature; 2m_temperature; 2m_dewpoint_temperature; soil_temperature_level_1; total_precipitation,air_temperature_c_mean; precipitation_sum_mm; relative_humidity_pct_mean; soil_temperature_level_1_c_mean,d2m; t2m; stl1; t2m; tprate,,,ok_complete,51,8,-0.19877068014703608,74.86025381530413,70.35446572391426,1.0028272441789443,,,,-3.7957519531249773,0.21596679687502274,2.6789794921875227,2.515458996927504,68.5072603817137,75.4541837115123,81.17157764601775,5.011879363899528,23.407433764077723,68.62185546196997,125.49980019684881,41.52865722734537,-0.47019042968747726,0.8999267578125227,2.7083984375000227,1.4153409168245321,,,,,,,,,,,,,copernicus_humidity; copernicus_precipitation; copernicus_soil; copernicus_temperature,copernicus_humidity:ok_complete; copernicus_precipitation:ok_complete; copernicus_soil:ok_complete; copernicus_temperature:ok_complete,True,True,True,True,False,False,False,True,False,True,True
2026-01-01,3,2026-04-01,2026,4,True,True,True,True,C:\Users\George\RavenNode-MAIN-laptop_J\Libary MAIN JS\Python-combined model v1\Predikcijski model prevalence V1\raw\copernicus\forecast\copernicus_humidity\seasonal-monthly-single-levels\seasonal-monthly-single-levels_ecmwf_system_51_copernicus_humidity_init_2026_01_lead_1-6.grib,C:\Users\George\RavenNode-MAIN-laptop_J\Libary MAIN JS\Python-combined model v1\Predikcijski model prevalence V1\raw\copernicus\forecast\copernicus_precipitation\seasonal-monthly-single-levels\seasonal-monthly-single-levels_ecmwf_system_51_copernicus_precipitation_init_2026_01_lead_1-6.grib,C:\Users\George\RavenNode-MAIN-laptop_J\Libary MAIN JS\Python-combined model v1\Predikcijski model prevalence V1\raw\copernicus\forecast\copernicus_soil\seasonal-monthly-single-levels\seasonal-monthly-single-levels_ecmwf_system_51_copernicus_soil_init_2026_01_lead_1-6.grib,C:\Users\George\RavenNode-MAIN-laptop_J\Libary MAIN JS\Python-combined model v1\Predikcijski model prevalence V1\raw\copernicus\forecast\copernicus_temperature\seasonal-monthly-single-levels\seasonal-monthly-single-levels_ecmwf_system_51_copernicus_temperature_init_2026_01_lead_1-6.grib,True,2026,1,0.8660254037844387,-0.4999999999999998,future_operational_template,2025-12-01,True,Numeric forecast extraction succeeded for the operational monthly-stats weather block. The deeper soil temperature and soil-water layers are not provided by this CDS monthly dataset.,72,0,0,0,future_operational,2m_temperature; 2m_temperature; 2m_dewpoint_temperature; soil_temperature_level_1; total_precipitation,air_temperature_c_mean; precipitation_sum_mm; relative_humidity_pct_mean; soil_temperature_level_1_c_mean,d2m; t2m; stl1; t2m; tprate,,,ok_complete,51,8,3.595995615042915,71.6943177865192,68.98730027708498,3.6599413105086014,,,,1.8774658203125227,3.8238769531250227,5.576928710937523,1.5576229569265807,66.83767651264569,71.88589633924028,75.7991543583073,3.6283280477656863,33.08625309728086,66.73356983810663,107.62756573967636,29.46405395939456,2.2116943359375227,3.6838623046875227,5.309960937500023,1.2634212946982513,,,,,,,,,,,,,copernicus_humidity; copernicus_precipitation; copernicus_soil; copernicus_temperature,copernicus_humidity:ok_complete; copernicus_precipitation:ok_complete; copernicus_soil:ok_complete; copernicus_temperature:ok_complete,True,True,True,True,False,False,False,True,False,True,True
2026-01-01,4,2026-05-01,2026,5,True,True,True,True,C:\Users\George\RavenNode-MAIN-laptop_J\Libary MAIN JS\Python-combined model v1\Predikcijski model prevalence V1\raw\copernicus\forecast\copernicus_humidity\seasonal-monthly-single-levels\seasonal-monthly-single-levels_ecmwf_system_51_copernicus_humidity_init_2026_01_lead_1-6.grib,C:\Users\George\RavenNode-MAIN-laptop_J\Libary MAIN JS\Python-combined model v1\Predikcijski model prevalence V1\raw\copernicus\forecast\copernicus_precipitation\seasonal-monthly-single-levels\seasonal-monthly-single-levels_ecmwf_system_51_copernicus_precipitation_init_2026_01_lead_1-6.grib,C:\Users\George\RavenNode-MAIN-laptop_J\Libary MAIN JS\Python-combined model v1\Predikcijski model prevalence V1\raw\copernicus\forecast\copernicus_soil\seasonal-monthly-single-levels\seasonal-monthly-single-levels_ecmwf_system_51_copernicus_soil_init_2026_01_lead_1-6.grib,C:\Users\George\RavenNode-MAIN-laptop_J\Libary MAIN JS\Python-combined model v1\Predikcijski model prevalence V1\raw\copernicus\forecast\copernicus_temperature\seasonal-monthly-single-levels\seasonal-monthly-single-levels_ecmwf_system_51_copernicus_temperature_init_2026_01_lead_1-6.grib,True,2026,1,0.4999999999999999,-0.8660254037844387,future_operational_template,2025-12-01,True,Numeric forecast extraction succeeded for the operational monthly-stats weather block. The deeper soil temperature and soil-water layers are not provided by this CDS monthly dataset.,72,0,0,0,future_operational,2m_temperature; 2m_temperature; 2m_dewpoint_temperature; soil_temperature_level_1; total_precipitation,air_temperature_c_mean; precipitation_sum_mm; relative_humidity_pct_mean; soil_temperature_level_1_c_mean,d2m; t2m; stl1; t2m; tprate,,,ok_complete,51,8,8.591526884191198,73.05102089913181,96.61855224026915,8.267023303462032,,,,6.315454101562523,8.592553710937523,10.283349609375023,1.4596536540851246,69.38077115277814,72.62053536285465,78.82526893806474,3.4620210456161975,47.87939542438835,94.80631852056831,140.63460985198617,36.734445560379115,6.157617187500023,8.407983398437523,9.840966796875023,1.3291458414759183,,,,,,,,,,,,,copernicus_humidity; copernicus_precipitation; copernicus_soil; copernicus_temperature,copernicus_humidity:ok_complete; copernicus_precipitation:ok_complete; copernicus_soil:ok_complete; copernicus_temperature:ok_complete,True,True,True,True,False,False,False,True,False,True,True
2026-01-01,5,2026-06-01,2026,6,True,True,True,True,C:\Users\George\RavenNode-MAIN-laptop_J\Libary MAIN JS\Python-combined model v1\Predikcijski model prevalence V1\raw\copernicus\forecast\copernicus_humidity\seasonal-monthly-single-levels\seasonal-monthly-single-levels_ecmwf_system_51_copernicus_humidity_init_2026_01_lead_1-6.grib,C:\Users\George\RavenNode-MAIN-laptop_J\Libary MAIN JS\Python-combined model v1\Predikcijski model prevalence V1\raw\copernicus\forecast\copernicus_precipitation\seasonal-monthly-single-levels\seasonal-monthly-single-levels_ecmwf_system_51_copernicus_precipitation_init_2026_01_lead_1-6.grib,C:\Users\George\RavenNode-MAIN-laptop_J\Libary MAIN JS\Python-combined model v1\Predikcijski model prevalence V1\raw\copernicus\forecast\copernicus_soil\seasonal-monthly-single-levels\seasonal-monthly-single-levels_ecmwf_system_51_copernicus_soil_init_2026_01_lead_1-6.grib,C:\Users\George\RavenNode-MAIN-laptop_J\Libary MAIN JS\Python-combined model v1\Predikcijski model prevalence V1\raw\copernicus\forecast\copernicus_temperature\seasonal-monthly-single-levels\seasonal-monthly-single-levels_ecmwf_system_51_copernicus_temperature_init_2026_01_lead_1-6.grib,True,2026,1,1.2246467991473532e-16,-1.0,future_operational_template,2025-12-01,True,Numeric forecast extraction succeeded for the operational monthly-stats weather block. The deeper soil temperature and soil-water layers are not provided by this CDS monthly dataset.,72,0,0,0,future_operational,2m_temperature; 2m_temperature; 2m_dewpoint_temperature; soil_temperature_level_1; total_precipitation,air_temperature_c_mean; precipitation_sum_mm; relative_humidity_pct_mean; soil_temperature_level_1_c_mean,d2m; t2m; stl1; t2m; tprate,,,ok_complete,51,8,13.75134564568017,74.17216186664302,100.83558941807817,13.326641486672816,,,,12.143457031250023,13.530175781250023,15.822534179687523,1.4987246854710594,69.39549061063443,74.03687387738414,78.30069425864767,3.2698727228136177,51.6367144882679,100.37145693786442,157.80504327267408,39.70592727808608,11.791162109375023,13.112939453125023,15.336083984375023,1.43654831248582,,,,,,,,,,,,,copernicus_humidity; copernicus_precipitation; copernicus_soil; copernicus_temperature,copernicus_humidity:ok_complete; copernicus_precipitation:ok_complete; copernicus_soil:ok_complete; copernicus_temperature:ok_complete,True,True,True,True,False,False,False,True,False,True,True
2026-01-01,6,2026-07-01,2026,7,True,True,True,True,C:\Users\George\RavenNode-MAIN-laptop_J\Libary MAIN JS\Python-combined model v1\Predikcijski model prevalence V1\raw\copernicus\forecast\copernicus_humidity\seasonal-monthly-single-levels\seasonal-monthly-single-levels_ecmwf_system_51_copernicus_humidity_init_2026_01_lead_1-6.grib,C:\Users\George\RavenNode-MAIN-laptop_J\Libary MAIN JS\Python-combined model v1\Predikcijski model prevalence V1\raw\copernicus\forecast\copernicus_precipitation\seasonal-monthly-single-levels\seasonal-monthly-single-levels_ecmwf_system_51_copernicus_precipitation_init_2026_01_lead_1-6.grib,C:\Users\George\RavenNode-MAIN-laptop_J\Libary MAIN JS\Python-combined model v1\Predikcijski model prevalence V1\raw\copernicus\forecast\copernicus_soil\seasonal-monthly-single-levels\seasonal-monthly-single-levels_ecmwf_system_51_copernicus_soil_init_2026_01_lead_1-6.grib,C:\Users\George\RavenNode-MAIN-laptop_J\Libary MAIN JS\Python-combined model v1\Predikcijski model prevalence V1\raw\copernicus\forecast\copernicus_temperature\seasonal-monthly-single-levels\seasonal-monthly-single-levels_ecmwf_system_51_copernicus_temperature_init_2026_01_lead_1-6.grib,True,2026,1,-0.4999999999999997,-0.8660254037844388,future_operational_template,2025-12-01,True,Numeric forecast extraction succeeded for the operational monthly-stats weather block. The deeper soil temperature and soil-water layers are not provided by this CDS monthly dataset.,72,0,0,0,future_operational,2m_temperature; 2m_temperature; 2m_dewpoint_temperature; soil_temperature_level_1; total_precipitation,air_temperature_c_mean; precipitation_sum_mm; relative_humidity_pct_mean; soil_temperature_level_1_c_mean,d2m; t2m; stl1; t2m; tprate,,,ok_complete,51,8,17.89849781709561,73.21481203828402,106.16238133105286,17.653670247395855,,,,16.499414062500023,17.859277343750023,19.212792968750023,1.3592708972702152,69.0727381639468,73.42748162437556,77.19467871424584,3.225151783753214,52.00109153520316,103.51742093916982,148.95351778250188,43.376789552165484,16.376367187500023,17.607202148437523,18.998803710937523,1.25999366461683,,,,,,,,,,,,,copernicus_humidity; copernicus_precipitation; copernicus_soil; copernicus_temperature,copernicus_humidity:ok_complete; copernicus_precipitation:ok_complete; copernicus_soil:ok_complete; copernicus_temperature:ok_complete,True,True,True,True,False,False,False,True,False,True,True
2026-02-01,1,2026-03-01,2026,3,True,True,True,True,C:\Users\George\RavenNode-MAIN-laptop_J\Libary MAIN JS\Python-combined model v1\Predikcijski model prevalence V1\raw\copernicus\forecast\copernicus_humidity\seasonal-monthly-single-levels\seasonal-monthly-single-levels_ecmwf_system_51_copernicus_humidity_init_2026_02_lead_1-6.grib,C:\Users\George\RavenNode-MAIN-laptop_J\Libary MAIN JS\Python-combined model v1\Predikcijski model prevalence V1\raw\copernicus\forecast\copernicus_precipitation\seasonal-monthly-single-levels\seasonal-monthly-single-levels_ecmwf_system_51_copernicus_precipitation_init_2026_02_lead_1-6.grib,C:\Users\George\RavenNode-MAIN-laptop_J\Libary MAIN JS\Python-combined model v1\Predikcijski model prevalence V1\raw\copernicus\forecast\copernicus_soil\seasonal-monthly-single-levels\seasonal-monthly-single-levels_ecmwf_system_51_copernicus_soil_init_2026_02_lead_1-6.grib,C:\Users\George\RavenNode-MAIN-laptop_J\Libary MAIN JS\Python-combined model v1\Predikcijski model prevalence V1\raw\copernicus\forecast\copernicus_temperature\seasonal-monthly-single-levels\seasonal-monthly-single-levels_ecmwf_system_51_copernicus_temperature_init_2026_02_lead_1-6.grib,True,2026,2,1.0,6.123233995736766e-17,future_operational_template,2025-12-01,True,Numeric forecast extraction succeeded for the operational monthly-stats weather block. The deeper soil temperature and soil-water layers are not provided by this CDS monthly dataset.,72,0,0,0,future_operational,2m_temperature; 2m_temperature; 2m_dewpoint_temperature; soil_temperature_level_1; total_precipitation,air_temperature_c_mean; precipitation_sum_mm; relative_humidity_pct_mean; soil_temperature_level_1_c_mean,d2m; t2m; stl1; t2m; tprate,,,ok_complete,51,8,1.538646503523307,78.61238931641581,115.93366507440805,2.45623946844365,,,,-0.5928710937499773,1.6988769531250227,3.3873535156250227,1.4732542343308979,73.80043136691936,79.53265455087704,82.28865546675472,4.11982856287134,78.14901473466307,107.90220403578132,168.33913105074316,36.44199583454219,1.4195800781250227,2.5521484375000227,3.4864746093750227,0.7726949047720292,,,,,,,,,,,,,copernicus_humidity; copernicus_precipitation; copernicus_soil; copernicus_temperature,copernicus_humidity:ok_complete; copernicus_precipitation:ok_complete; copernicus_soil:ok_complete; copernicus_temperature:ok_complete,True,True,True,True,False,False,False,True,False,True,True
2026-02-01,2,2026-04-01,2026,4,True,True,True,True,C:\Users\George\RavenNode-MAIN-laptop_J\Libary MAIN JS\Python-combined model v1\Predikcijski model prevalence V1\raw\copernicus\forecast\copernicus_humidity\seasonal-monthly-single-levels\seasonal-monthly-single-levels_ecmwf_system_51_copernicus_humidity_init_2026_02_lead_1-6.grib,C:\Users\George\RavenNode-MAIN-laptop_J\Libary MAIN JS\Python-combined model v1\Predikcijski model prevalence V1\raw\copernicus\forecast\copernicus_precipitation\seasonal-monthly-single-levels\seasonal-monthly-single-levels_ecmwf_system_51_copernicus_precipitation_init_2026_02_lead_1-6.grib,C:\Users\George\RavenNode-MAIN-laptop_J\Libary MAIN JS\Python-combined model v1\Predikcijski model prevalence V1\raw\copernicus\forecast\copernicus_soil\seasonal-monthly-single-levels\seasonal-monthly-single-levels_ecmwf_system_51_copernicus_soil_init_2026_02_lead_1-6.grib,C:\Users\George\RavenNode-MAIN-laptop_J\Libary MAIN JS\Python-combined model v1\Predikcijski model prevalence V1\raw\copernicus\forecast\copernicus_temperature\seasonal-monthly-single-levels\seasonal-monthly-single-levels_ecmwf_system_51_copernicus_temperature_init_2026_02_lead_1-6.grib,True,2026,2,0.8660254037844387,-0.4999999999999998,future_operational_template,2025-12-01,True,Numeric forecast extraction succeeded for the operational monthly-stats weather block. The deeper soil temperature and soil-water layers are not provided by this CDS monthly dataset.,72,0,0,0,future_operational,2m_temperature; 2m_temperature; 2m_dewpoint_temperature; soil_temperature_level_1; total_precipitation,air_temperature_c_mean; precipitation_sum_mm; relative_humidity_pct_mean; soil_temperature_level_1_c_mean,d2m; t2m; stl1; t2m; tprate,,,ok_complete,51,8,4.115519684436297,72.72581338898321,85.45277095810674,4.39740157781865,,,,2.5648437500000227,4.076074218750023,5.874047851562523,1.3313787875043361,67.90302635162404,72.99268385620627,77.28675352835634,3.484419798267933,54.991309298202395,82.26654608733952,124.50662325136364,30.601822153833037,3.3292480468750227,4.335229492187523,5.660180664062523,0.9733686572486921,,,,,,,,,,,,,copernicus_humidity; copernicus_precipitation; copernicus_soil; copernicus_temperature,copernicus_humidity:ok_complete; copernicus_precipitation:ok_complete; copernicus_soil:ok_complete; copernicus_temperature:ok_complete,True,True,True,True,False,False,False,True,False,True,True
2026-02-01,3,2026-05-01,2026,5,True,True,True,True,C:\Users\George\RavenNode-MAIN-laptop_J\Libary MAIN JS\Python-combined model v1\Predikcijski model prevalence V1\raw\copernicus\forecast\copernicus_humidity\seasonal-monthly-single-levels\seasonal-monthly-single-levels_ecmwf_system_51_copernicus_humidity_init_2026_02_lead_1-6.grib,C:\Users\George\RavenNode-MAIN-laptop_J\Libary MAIN JS\Python-combined model v1\Predikcijski model prevalence V1\raw\copernicus\forecast\copernicus_precipitation\seasonal-monthly-single-levels\seasonal-monthly-single-levels_ecmwf_system_51_copernicus_precipitation_init_2026_02_lead_1-6.grib,C:\Users\George\RavenNode-MAIN-laptop_J\Libary MAIN JS\Python-combined model v1\Predikcijski model prevalence V1\raw\copernicus\forecast\copernicus_soil\seasonal-monthly-single-levels\seasonal-monthly-single-levels_ecmwf_system_51_copernicus_soil_init_2026_02_lead_1-6.grib,C:\Users\George\RavenNode-MAIN-laptop_J\Libary MAIN JS\Python-combined model v1\Predikcijski model prevalence V1\raw\copernicus\forecast\copernicus_temperature\seasonal-monthly-single-levels\seasonal-monthly-single-levels_ecmwf_system_51_copernicus_temperature_init_2026_02_lead_1-6.grib,True,2026,2,0.4999999999999999,-0.8660254037844387,future_operational_template,2025-12-01,True,Numeric forecast extraction succeeded for the operational monthly-stats weather block. The deeper soil temperature and soil-water layers are not provided by this CDS monthly dataset.,72,0,0,0,future_operational,2m_temperature; 2m_temperature; 2m_dewpoint_temperature; soil_temperature_level_1; total_precipitation,air_temperature_c_mean; precipitation_sum_mm; relative_humidity_pct_mean; soil_temperature_level_1_c_mean,d2m; t2m; stl1; t2m; tprate,,,ok_complete,51,8,8.419943895526984,73.33476116974335,103.94199977300184,8.264672851562523,,,,6.853417968750023,8.560327148437523,9.816796875000023,1.1328025839335356,69.9428748127262,73.46333517048447,76.6693415389641,2.573846640053755,65.7887983834371,100.40422494057566,155.67197988275439,33.53639432823247,6.751123046875023,8.324853515625023,9.495019531250023,1.0172292372469423,,,,,,,,,,,,,copernicus_humidity; copernicus_precipitation; copernicus_soil; copernicus_temperature,copernicus_humidity:ok_complete; copernicus_precipitation:ok_complete; copernicus_soil:ok_complete; copernicus_temperature:ok_complete,True,True,True,True,False,False,False,True,False,True,True
2026-02-01,4,2026-06-01,2026,6,True,True,True,True,C:\Users\George\RavenNode-MAIN-laptop_J\Libary MAIN JS\Python-combined model v1\Predikcijski model prevalence V1\raw\copernicus\forecast\copernicus_humidity\seasonal-monthly-single-levels\seasonal-monthly-single-levels_ecmwf_system_51_copernicus_humidity_init_2026_02_lead_1-6.grib,C:\Users\George\RavenNode-MAIN-laptop_J\Libary MAIN JS\Python-combined model v1\Predikcijski model prevalence V1\raw\copernicus\forecast\copernicus_precipitation\seasonal-monthly-single-levels\seasonal-monthly-single-levels_ecmwf_system_51_copernicus_precipitation_init_2026_02_lead_1-6.grib,C:\Users\George\RavenNode-MAIN-laptop_J\Libary MAIN JS\Python-combined model v1\Predikcijski model prevalence V1\raw\copernicus\forecast\copernicus_soil\seasonal-monthly-single-levels\seasonal-monthly-single-levels_ecmwf_system_51_copernicus_soil_init_2026_02_lead_1-6.grib,C:\Users\George\RavenNode-MAIN-laptop_J\Libary MAIN JS\Python-combined model v1\Predikcijski model prevalence V1\raw\copernicus\forecast\copernicus_temperature\seasonal-monthly-single-levels\seasonal-monthly-single-levels_ecmwf_system_51_copernicus_temperature_init_2026_02_lead_1-6.grib,True,2026,2,1.2246467991473532e-16,-1.0,future_operational_template,2025-12-01,True,Numeric forecast extraction succeeded for the operational monthly-stats weather block. The deeper soil temperature and soil-water layers are not provided by this CDS monthly dataset.,72,0,0,0,future_operational,2m_temperature; 2m_temperature; 2m_dewpoint_temperature; soil_temperature_level_1; total_precipitation,air_temperature_c_mean; precipitation_sum_mm; relative_humidity_pct_mean; soil_temperature_level_1_c_mean,d2m; t2m; stl1; t2m; tprate,,,ok_complete,51,8,13.650084731158111,74.66641887938616,108.06179146611078,13.27655196844365,,,,12.351708984375023,13.574243164062523,15.113305664062523,1.09140399775219,71.25891841328968,74.70230323111605,77.9249402234299,3.394724601618205,58.24453546665609,109.75866462104023,155.6880888529122,38.88820317493982,12.164941406250023,13.203637695312523,14.739892578125023,1.0155230053770652,,,,,,,,,,,,,copernicus_humidity; copernicus_precipitation; copernicus_soil; copernicus_temperature,copernicus_humidity:ok_complete; copernicus_precipitation:ok_complete; copernicus_soil:ok_complete; copernicus_temperature:ok_complete,True,True,True,True,False,False,False,True,False,True,True
2026-02-01,5,2026-07-01,2026,7,True,True,True,True,C:\Users\George\RavenNode-MAIN-laptop_J\Libary MAIN JS\Python-combined model v1\Predikcijski model prevalence V1\raw\copernicus\forecast\copernicus_humidity\seasonal-monthly-single-levels\seasonal-monthly-single-levels_ecmwf_system_51_copernicus_humidity_init_2026_02_lead_1-6.grib,C:\Users\George\RavenNode-MAIN-laptop_J\Libary MAIN JS\Python-combined model v1\Predikcijski model prevalence V1\raw\copernicus\forecast\copernicus_precipitation\seasonal-monthly-single-levels\seasonal-monthly-single-levels_ecmwf_system_51_copernicus_precipitation_init_2026_02_lead_1-6.grib,C:\Users\George\RavenNode-MAIN-laptop_J\Libary MAIN JS\Python-combined model v1\Predikcijski model prevalence V1\raw\copernicus\forecast\copernicus_soil\seasonal-monthly-single-levels\seasonal-monthly-single-levels_ecmwf_system_51_copernicus_soil_init_2026_02_lead_1-6.grib,C:\Users\George\RavenNode-MAIN-laptop_J\Libary MAIN JS\Python-combined model v1\Predikcijski model prevalence V1\raw\copernicus\forecast\copernicus_temperature\seasonal-monthly-single-levels\seasonal-monthly-single-levels_ecmwf_system_51_copernicus_temperature_init_2026_02_lead_1-6.grib,True,2026,2,-0.4999999999999997,-0.8660254037844388,future_operational_template,2025-12-01,True,Numeric forecast extraction succeeded for the operational monthly-stats weather block. The deeper soil temperature and soil-water layers are not provided by this CDS monthly dataset.,72,0,0,0,future_operational,2m_temperature; 2m_temperature; 2m_dewpoint_temperature; soil_temperature_level_1; total_precipitation,air_temperature_c_mean; precipitation_sum_mm; relative_humidity_pct_mean; soil_temperature_level_1_c_mean,d2m; t2m; stl1; t2m; tprate,,,ok_complete,51,8,17.976890893076003,72.4827008244796,101.47500998915775,17.73382496553311,,,,15.499658203125023,18.137963867187523,19.796166992187523,1.5675170424091223,67.50101178886251,73.0437454001524,76.70833187320491,3.7093753504487434,57.74759338237345,91.70530247502029,161.93247574847192,46.5517894785348,15.387597656250023,17.989770507812523,19.335839843750023,1.4556198588134683,,,,,,,,,,,,,copernicus_humidity; copernicus_precipitation; copernicus_soil; copernicus_temperature,copernicus_humidity:ok_complete; copernicus_precipitation:ok_complete; copernicus_soil:ok_complete; copernicus_temperature:ok_complete,True,True,True,True,False,False,False,True,False,True,True
2026-02-01,6,2026-08-01,2026,8,True,True,True,True,C:\Users\George\RavenNode-MAIN-laptop_J\Libary MAIN JS\Python-combined model v1\Predikcijski model prevalence V1\raw\copernicus\forecast\copernicus_humidity\seasonal-monthly-single-levels\seasonal-monthly-single-levels_ecmwf_system_51_copernicus_humidity_init_2026_02_lead_1-6.grib,C:\Users\George\RavenNode-MAIN-laptop_J\Libary MAIN JS\Python-combined model v1\Predikcijski model prevalence V1\raw\copernicus\forecast\copernicus_precipitation\seasonal-monthly-single-levels\seasonal-monthly-single-levels_ecmwf_system_51_copernicus_precipitation_init_2026_02_lead_1-6.grib,C:\Users\George\RavenNode-MAIN-laptop_J\Libary MAIN JS\Python-combined model v1\Predikcijski model prevalence V1\raw\copernicus\forecast\copernicus_soil\seasonal-monthly-single-levels\seasonal-monthly-single-levels_ecmwf_system_51_copernicus_soil_init_2026_02_lead_1-6.grib,C:\Users\George\RavenNode-MAIN-laptop_J\Libary MAIN JS\Python-combined model v1\Predikcijski model prevalence V1\raw\copernicus\forecast\copernicus_temperature\seasonal-monthly-single-levels\seasonal-monthly-single-levels_ecmwf_system_51_copernicus_temperature_init_2026_02_lead_1-6.grib,True,2026,2,-0.8660254037844385,-0.5000000000000004,future_operational_template,2025-12-01,True,Numeric forecast extraction succeeded for the operational monthly-stats weather block. The deeper soil temperature and soil-water layers are not provided by this CDS monthly dataset.,72,0,0,0,future_operational,2m_temperature; 2m_temperature; 2m_dewpoint_temperature; soil_temperature_level_1; total_precipitation,air_temperature_c_mean; precipitation_sum_mm; relative_humidity_pct_mean; soil_temperature_level_1_c_mean,d2m; t2m; stl1; t2m; tprate,,,ok_complete,51,8,20.0606430951287,68.67338735667963,85.42899655260365,20.12393535539218,,,,18.454492187500023,20.165307617187523,21.532983398437523,1.196570895997464,61.13208639423669,68.53952725420896,75.03558613860855,5.222546296682812,46.678452054038644,82.79444882646203,132.0112030953169,34.19377551683984,18.728540039062523,20.152734375000023,21.699975585937523,1.1969055103839792,,,,,,,,,,,,,copernicus_humidity; copernicus_precipitation; copernicus_soil; copernicus_temperature,copernicus_humidity:ok_complete; copernicus_precipitation:ok_complete; copernicus_soil:ok_complete; copernicus_temperature:ok_complete,True,True,True,True,False,False,False,True,False,True,True
2026-03-01,1,2026-04-01,2026,4,True,True,True,True,C:\Users\George\RavenNode-MAIN-laptop_J\Libary MAIN JS\Python-combined model v1\Predikcijski model prevalence V1\raw\copernicus\forecast\copernicus_humidity\seasonal-monthly-single-levels\seasonal-monthly-single-levels_ecmwf_system_51_copernicus_humidity_init_2026_03_lead_1-6.grib,C:\Users\George\RavenNode-MAIN-laptop_J\Libary MAIN JS\Python-combined model v1\Predikcijski model prevalence V1\raw\copernicus\forecast\copernicus_precipitation\seasonal-monthly-single-levels\seasonal-monthly-single-levels_ecmwf_system_51_copernicus_precipitation_init_2026_03_lead_1-6.grib,C:\Users\George\RavenNode-MAIN-laptop_J\Libary MAIN JS\Python-combined model v1\Predikcijski model prevalence V1\raw\copernicus\forecast\copernicus_soil\seasonal-monthly-single-levels\seasonal-monthly-single-levels_ecmwf_system_51_copernicus_soil_init_2026_03_lead_1-6.grib,C:\Users\George\RavenNode-MAIN-laptop_J\Libary MAIN JS\Python-combined model v1\Predikcijski model prevalence V1\raw\copernicus\forecast\copernicus_temperature\seasonal-monthly-single-levels\seasonal-monthly-single-levels_ecmwf_system_51_copernicus_temperature_init_2026_03_lead_1-6.grib,True,2026,3,0.8660254037844387,-0.4999999999999998,future_operational_template,2025-12-01,True,Numeric forecast extraction succeeded for the operational monthly-stats weather block. The deeper soil temperature and soil-water layers are not provided by this CDS monthly dataset.,72,0,0,0,future_operational,2m_temperature; 2m_temperature; 2m_dewpoint_temperature; soil_temperature_level_1; total_precipitation,air_temperature_c_mean; precipitation_sum_mm; relative_humidity_pct_mean; soil_temperature_level_1_c_mean,d2m; t2m; stl1; t2m; tprate,,,ok_complete,51,8,5.736577531403209,73.44192962459815,51.352161201922335,5.822768746170365,,,,3.9183593750000227,5.635766601562523,7.758691406250023,1.5382524437862117,67.5085889876255,73.42650219375258,78.46526759616886,4.056888613065078,17.08415220491588,46.676723286509514,90.25109466165304,32.02003238895402,4.409814453125023,5.764672851562523,7.570336914062523,1.242758114462333,,,,,,,,,,,,,copernicus_humidity; copernicus_precipitation; copernicus_soil; copernicus_temperature,copernicus_humidity:ok_complete; copernicus_precipitation:ok_complete; copernicus_soil:ok_complete; copernicus_temperature:ok_complete,True,True,True,True,False,False,False,True,False,True,True
2026-03-01,2,2026-05-01,2026,5,True,True,True,True,C:\Users\George\RavenNode-MAIN-laptop_J\Libary MAIN JS\Python-combined model v1\Predikcijski model prevalence V1\raw\copernicus\forecast\copernicus_humidity\seasonal-monthly-single-levels\seasonal-monthly-single-levels_ecmwf_system_51_copernicus_humidity_init_2026_03_lead_1-6.grib,C:\Users\George\RavenNode-MAIN-laptop_J\Libary MAIN JS\Python-combined model v1\Predikcijski model prevalence V1\raw\copernicus\forecast\copernicus_precipitation\seasonal-monthly-single-levels\seasonal-monthly-single-levels_ecmwf_system_51_copernicus_precipitation_init_2026_03_lead_1-6.grib,C:\Users\George\RavenNode-MAIN-laptop_J\Libary MAIN JS\Python-combined model v1\Predikcijski model prevalence V1\raw\copernicus\forecast\copernicus_soil\seasonal-monthly-single-levels\seasonal-monthly-single-levels_ecmwf_system_51_copernicus_soil_init_2026_03_lead_1-6.grib,C:\Users\George\RavenNode-MAIN-laptop_J\Libary MAIN JS\Python-combined model v1\Predikcijski model prevalence V1\raw\copernicus\forecast\copernicus_temperature\seasonal-monthly-single-levels\seasonal-monthly-single-levels_ecmwf_system_51_copernicus_temperature_init_2026_03_lead_1-6.grib,True,2026,3,0.4999999999999999,-0.8660254037844387,future_operational_template,2025-12-01,True,Numeric forecast extraction succeeded for the operational monthly-stats weather block. The deeper soil temperature and soil-water layers are not provided by this CDS monthly dataset.,72,0,0,0,future_operational,2m_temperature; 2m_temperature; 2m_dewpoint_temperature; soil_temperature_level_1; total_precipitation,air_temperature_c_mean; precipitation_sum_mm; relative_humidity_pct_mean; soil_temperature_level_1_c_mean,d2m; t2m; stl1; t2m; tprate,,,ok_complete,51,8,8.89221478630517,73.84480380657727,117.85281967604533,8.851005284926494,,,,6.924096679687523,8.968530273437523,10.468286132812523,1.3458920411826334,70.20471489519183,74.03532201142482,77.28719950120552,2.6480728090325023,75.92251931782812,118.44517139252275,158.04463473614305,33.828943720172425,7.007714843750023,8.921777343750023,10.330834960937523,1.2228900735278068,,,,,,,,,,,,,copernicus_humidity; copernicus_precipitation; copernicus_soil; copernicus_temperature,copernicus_humidity:ok_complete; copernicus_precipitation:ok_complete; copernicus_soil:ok_complete; copernicus_temperature:ok_complete,True,True,True,True,False,False,False,True,False,True,True
2026-03-01,3,2026-06-01,2026,6,True,True,True,True,C:\Users\George\RavenNode-MAIN-laptop_J\Libary MAIN JS\Python-combined model v1\Predikcijski model prevalence V1\raw\copernicus\forecast\copernicus_humidity\seasonal-monthly-single-levels\seasonal-monthly-single-levels_ecmwf_system_51_copernicus_humidity_init_2026_03_lead_1-6.grib,C:\Users\George\RavenNode-MAIN-laptop_J\Libary MAIN JS\Python-combined model v1\Predikcijski model prevalence V1\raw\copernicus\forecast\copernicus_precipitation\seasonal-monthly-single-levels\seasonal-monthly-single-levels_ecmwf_system_51_copernicus_precipitation_init_2026_03_lead_1-6.grib,C:\Users\George\RavenNode-MAIN-laptop_J\Libary MAIN JS\Python-combined model v1\Predikcijski model prevalence V1\raw\copernicus\forecast\copernicus_soil\seasonal-monthly-single-levels\seasonal-monthly-single-levels_ecmwf_system_51_copernicus_soil_init_2026_03_lead_1-6.grib,C:\Users\George\RavenNode-MAIN-laptop_J\Libary MAIN JS\Python-combined model v1\Predikcijski model prevalence V1\raw\copernicus\forecast\copernicus_temperature\seasonal-monthly-single-levels\seasonal-monthly-single-levels_ecmwf_system_51_copernicus_temperature_init_2026_03_lead_1-6.grib,True,2026,3,1.2246467991473532e-16,-1.0,future_operational_template,2025-12-01,True,Numeric forecast extraction succeeded for the operational monthly-stats weather block. The deeper soil temperature and soil-water layers are not provided by this CDS monthly dataset.,72,0,0,0,future_operational,2m_temperature; 2m_temperature; 2m_dewpoint_temperature; soil_temperature_level_1; total_precipitation,air_temperature_c_mean; precipitation_sum_mm; relative_humidity_pct_mean; soil_temperature_level_1_c_mean,d2m; t2m; stl1; t2m; tprate,,,ok_complete,51,8,13.533581782322326,75.115387714798,119.78269664241986,13.31412329580272,,,,11.891015625000023,13.282861328125023,15.196191406250023,1.2200247186795212,71.68875994022243,75.2246457494637,78.26303984289142,2.612252483992137,74.16176958940923,118.8488386105746,169.52137229964137,36.4427804941917,11.812036132812523,13.199609375000023,14.802758789062523,1.1485854536706486,,,,,,,,,,,,,copernicus_humidity; copernicus_precipitation; copernicus_soil; copernicus_temperature,copernicus_humidity:ok_complete; copernicus_precipitation:ok_complete; copernicus_soil:ok_complete; copernicus_temperature:ok_complete,True,True,True,True,False,False,False,True,False,True,True
2026-03-01,4,2026-07-01,2026,7,True,True,True,True,C:\Users\George\RavenNode-MAIN-laptop_J\Libary MAIN JS\Python-combined model v1\Predikcijski model prevalence V1\raw\copernicus\forecast\copernicus_humidity\seasonal-monthly-single-levels\seasonal-monthly-single-levels_ecmwf_system_51_copernicus_humidity_init_2026_03_lead_1-6.grib,C:\Users\George\RavenNode-MAIN-laptop_J\Libary MAIN JS\Python-combined model v1\Predikcijski model prevalence V1\raw\copernicus\forecast\copernicus_precipitation\seasonal-monthly-single-levels\seasonal-monthly-single-levels_ecmwf_system_51_copernicus_precipitation_init_2026_03_lead_1-6.grib,C:\Users\George\RavenNode-MAIN-laptop_J\Libary MAIN JS\Python-combined model v1\Predikcijski model prevalence V1\raw\copernicus\forecast\copernicus_soil\seasonal-monthly-single-levels\seasonal-monthly-single-levels_ecmwf_system_51_copernicus_soil_init_2026_03_lead_1-6.grib,C:\Users\George\RavenNode-MAIN-laptop_J\Libary MAIN JS\Python-combined model v1\Predikcijski model prevalence V1\raw\copernicus\forecast\copernicus_temperature\seasonal-monthly-single-levels\seasonal-monthly-single-levels_ecmwf_system_51_copernicus_temperature_init_2026_03_lead_1-6.grib,True,2026,3,-0.4999999999999997,-0.8660254037844388,future_operational_template,2025-12-01,True,Numeric forecast extraction succeeded for the operational monthly-stats weather block. The deeper soil temperature and soil-water layers are not provided by this CDS monthly dataset.,72,0,0,0,future_operational,2m_temperature; 2m_temperature; 2m_dewpoint_temperature; soil_temperature_level_1; total_precipitation,air_temperature_c_mean; precipitation_sum_mm; relative_humidity_pct_mean; soil_temperature_level_1_c_mean,d2m; t2m; stl1; t2m; tprate,,,ok_complete,51,8,18.082316559436297,73.08363142716168,102.10640920216547,17.887583295036787,,,,16.218408203125023,17.827905273437523,20.517968750000023,1.6041599584547293,69.0742478793529,73.55663854707343,76.71697573634884,3.727946279716637,61.620818451046944,98.36530080065131,152.91687450371683,36.44906586668191,16.132348632812523,17.610620117187523,20.338159179687523,1.5371868750972697,,,,,,,,,,,,,copernicus_humidity; copernicus_precipitation; copernicus_soil; copernicus_temperature,copernicus_humidity:ok_complete; copernicus_precipitation:ok_complete; copernicus_soil:ok_complete; copernicus_temperature:ok_complete,True,True,True,True,False,False,False,True,False,True,True
2026-03-01,5,2026-08-01,2026,8,True,True,True,True,C:\Users\George\RavenNode-MAIN-laptop_J\Libary MAIN JS\Python-combined model v1\Predikcijski model prevalence V1\raw\copernicus\forecast\copernicus_humidity\seasonal-monthly-single-levels\seasonal-monthly-single-levels_ecmwf_system_51_copernicus_humidity_init_2026_03_lead_1-6.grib,C:\Users\George\RavenNode-MAIN-laptop_J\Libary MAIN JS\Python-combined model v1\Predikcijski model prevalence V1\raw\copernicus\forecast\copernicus_precipitation\seasonal-monthly-single-levels\seasonal-monthly-single-levels_ecmwf_system_51_copernicus_precipitation_init_2026_03_lead_1-6.grib,C:\Users\George\RavenNode-MAIN-laptop_J\Libary MAIN JS\Python-combined model v1\Predikcijski model prevalence V1\raw\copernicus\forecast\copernicus_soil\seasonal-monthly-single-levels\seasonal-monthly-single-levels_ecmwf_system_51_copernicus_soil_init_2026_03_lead_1-6.grib,C:\Users\George\RavenNode-MAIN-laptop_J\Libary MAIN JS\Python-combined model v1\Predikcijski model prevalence V1\raw\copernicus\forecast\copernicus_temperature\seasonal-monthly-single-levels\seasonal-monthly-single-levels_ecmwf_system_51_copernicus_temperature_init_2026_03_lead_1-6.grib,True,2026,3,-0.8660254037844385,-0.5000000000000004,future_operational_template,2025-12-01,True,Numeric forecast extraction succeeded for the operational monthly-stats weather block. The deeper soil temperature and soil-water layers are not provided by this CDS monthly dataset.,72,0,0,0,future_operational,2m_temperature; 2m_temperature; 2m_dewpoint_temperature; soil_temperature_level_1; total_precipitation,air_temperature_c_mean; precipitation_sum_mm; relative_humidity_pct_mean; soil_temperature_level_1_c_mean,d2m; t2m; stl1; t2m; tprate,,,ok_complete,51,8,20.053445733762278,69.6813561809793,91.1063831368023,20.12472761565566,,,,18.665063476562523,19.995874023437523,21.587915039062523,1.1771200640223562,62.4635119731022,69.97618421503464,75.96215876967352,5.339464773391781,51.623512990772724,89.30097974371165,132.1232586633414,33.98573006688858,18.704125976562523,20.125024414062523,21.646997070312523,1.2000142315410671,,,,,,,,,,,,,copernicus_humidity; copernicus_precipitation; copernicus_soil; copernicus_temperature,copernicus_humidity:ok_complete; copernicus_precipitation:ok_complete; copernicus_soil:ok_complete; copernicus_temperature:ok_complete,True,True,True,True,False,False,False,True,False,True,True
2026-03-01,6,2026-09-01,2026,9,True,True,True,True,C:\Users\George\RavenNode-MAIN-laptop_J\Libary MAIN JS\Python-combined model v1\Predikcijski model prevalence V1\raw\copernicus\forecast\copernicus_humidity\seasonal-monthly-single-levels\seasonal-monthly-single-levels_ecmwf_system_51_copernicus_humidity_init_2026_03_lead_1-6.grib,C:\Users\George\RavenNode-MAIN-laptop_J\Libary MAIN JS\Python-combined model v1\Predikcijski model prevalence V1\raw\copernicus\forecast\copernicus_precipitation\seasonal-monthly-single-levels\seasonal-monthly-single-levels_ecmwf_system_51_copernicus_precipitation_init_2026_03_lead_1-6.grib,C:\Users\George\RavenNode-MAIN-laptop_J\Libary MAIN JS\Python-combined model v1\Predikcijski model prevalence V1\raw\copernicus\forecast\copernicus_soil\seasonal-monthly-single-levels\seasonal-monthly-single-levels_ecmwf_system_51_copernicus_soil_init_2026_03_lead_1-6.grib,C:\Users\George\RavenNode-MAIN-laptop_J\Libary MAIN JS\Python-combined model v1\Predikcijski model prevalence V1\raw\copernicus\forecast\copernicus_temperature\seasonal-monthly-single-levels\seasonal-monthly-single-levels_ecmwf_system_51_copernicus_temperature_init_2026_03_lead_1-6.grib,True,2026,3,-1.0,-1.8369701987210294e-16,future_operational_template,2025-12-01,True,Numeric forecast extraction succeeded for the operational monthly-stats weather block. The deeper soil temperature and soil-water layers are not provided by this CDS monthly dataset.,72,0,0,0,future_operational,2m_temperature; 2m_temperature; 2m_dewpoint_temperature; soil_temperature_level_1; total_precipitation,air_temperature_c_mean; precipitation_sum_mm; relative_humidity_pct_mean; soil_temperature_level_1_c_mean,d2m; t2m; stl1; t2m; tprate,,,ok_complete,51,8,19.565178844975513,68.38637697228089,85.20004271036562,19.97738396139708,,,,18.074975585937523,19.509301757812523,21.464990234375023,1.3648099253330368,60.53556811918861,69.19447985394524,75.2954171456651,5.388540513573413,41.32775939069688,83.3580270409584,131.08615530654788,37.65292616141671,18.431298828125023,19.887475585937523,21.948632812500023,1.36042575714725,,,,,,,,,,,,,copernicus_humidity; copernicus_precipitation; copernicus_soil; copernicus_temperature,copernicus_humidity:ok_complete; copernicus_precipitation:ok_complete; copernicus_soil:ok_complete; copernicus_temperature:ok_complete,True,True,True,True,False,False,False,True,False,True,True
2026-04-01,1,2026-05-01,2026,5,True,True,True,True,C:\Users\George\RavenNode-MAIN-laptop_J\Libary MAIN JS\Python-combined model v1\Predikcijski model prevalence V1\raw\copernicus\forecast\copernicus_humidity\seasonal-monthly-single-levels\seasonal-monthly-single-levels_ecmwf_system_51_copernicus_humidity_init_2026_04_lead_1-6.grib,C:\Users\George\RavenNode-MAIN-laptop_J\Libary MAIN JS\Python-combined model v1\Predikcijski model prevalence V1\raw\copernicus\forecast\copernicus_precipitation\seasonal-monthly-single-levels\seasonal-monthly-single-levels_ecmwf_system_51_copernicus_precipitation_init_2026_04_lead_1-6.grib,C:\Users\George\RavenNode-MAIN-laptop_J\Libary MAIN JS\Python-combined model v1\Predikcijski model prevalence V1\raw\copernicus\forecast\copernicus_soil\seasonal-monthly-single-levels\seasonal-monthly-single-levels_ecmwf_system_51_copernicus_soil_init_2026_04_lead_1-6.grib,C:\Users\George\RavenNode-MAIN-laptop_J\Libary MAIN JS\Python-combined model v1\Predikcijski model prevalence V1\raw\copernicus\forecast\copernicus_temperature\seasonal-monthly-single-levels\seasonal-monthly-single-levels_ecmwf_system_51_copernicus_temperature_init_2026_04_lead_1-6.grib,True,2026,4,0.4999999999999999,-0.8660254037844387,future_operational_template,2025-12-01,True,Numeric forecast extraction succeeded for the operational monthly-stats weather block. The deeper soil temperature and soil-water layers are not provided by this CDS monthly dataset.,72,0,0,0,future_operational,2m_temperature; 2m_temperature; 2m_dewpoint_temperature; soil_temperature_level_1; total_precipitation,air_temperature_c_mean; precipitation_sum_mm; relative_humidity_pct_mean; soil_temperature_level_1_c_mean,d2m; t2m; stl1; t2m; tprate,,,ok_complete,51,8,9.92746199065566,70.4558507761221,85.84832128904321,9.706722962622571,,,,8.761499023437523,9.795678710937523,11.348168945312523,0.9606927441889991,67.94046917629916,70.74897439270063,73.15652123559644,2.5534531796875375,50.83912401460111,83.26703100465238,116.25034385360777,27.7917925881068,8.721459960937523,9.615014648437523,10.872338867187523,0.8176080580120882,,,,,,,,,,,,,copernicus_humidity; copernicus_precipitation; copernicus_soil; copernicus_temperature,copernicus_humidity:ok_complete; copernicus_precipitation:ok_complete; copernicus_soil:ok_complete; copernicus_temperature:ok_complete,True,True,True,True,False,False,False,True,False,True,True
2026-04-01,2,2026-06-01,2026,6,True,True,True,True,C:\Users\George\RavenNode-MAIN-laptop_J\Libary MAIN JS\Python-combined model v1\Predikcijski model prevalence V1\raw\copernicus\forecast\copernicus_humidity\seasonal-monthly-single-levels\seasonal-monthly-single-levels_ecmwf_system_51_copernicus_humidity_init_2026_04_lead_1-6.grib,C:\Users\George\RavenNode-MAIN-laptop_J\Libary MAIN JS\Python-combined model v1\Predikcijski model prevalence V1\raw\copernicus\forecast\copernicus_precipitation\seasonal-monthly-single-levels\seasonal-monthly-single-levels_ecmwf_system_51_copernicus_precipitation_init_2026_04_lead_1-6.grib,C:\Users\George\RavenNode-MAIN-laptop_J\Libary MAIN JS\Python-combined model v1\Predikcijski model prevalence V1\raw\copernicus\forecast\copernicus_soil\seasonal-monthly-single-levels\seasonal-monthly-single-levels_ecmwf_system_51_copernicus_soil_init_2026_04_lead_1-6.grib,C:\Users\George\RavenNode-MAIN-laptop_J\Libary MAIN JS\Python-combined model v1\Predikcijski model prevalence V1\raw\copernicus\forecast\copernicus_temperature\seasonal-monthly-single-levels\seasonal-monthly-single-levels_ecmwf_system_51_copernicus_temperature_init_2026_04_lead_1-6.grib,True,2026,4,1.2246467991473532e-16,-1.0,future_operational_template,2025-12-01,True,Numeric forecast extraction succeeded for the operational monthly-stats weather block. The deeper soil temperature and soil-water layers are not provided by this CDS monthly dataset.,72,0,0,0,future_operational,2m_temperature; 2m_temperature; 2m_dewpoint_temperature; soil_temperature_level_1; total_precipitation,air_temperature_c_mean; precipitation_sum_mm; relative_humidity_pct_mean; soil_temperature_level_1_c_mean,d2m; t2m; stl1; t2m; tprate,,,ok_complete,51,8,14.248370481004924,74.58182661986477,113.28498059061958,14.001089537377474,,,,12.975976562500023,14.148217773437523,15.848291015625023,1.1225444220128578,70.5905836274093,74.66550600923021,77.70969478257864,2.8878610437583996,71.41774403862655,110.41402467526495,177.53420979715884,38.90607130269872,12.828515625000023,13.854150390625023,15.551049804687523,1.0735953876977695,,,,,,,,,,,,,copernicus_humidity; copernicus_precipitation; copernicus_soil; copernicus_temperature,copernicus_humidity:ok_complete; copernicus_precipitation:ok_complete; copernicus_soil:ok_complete; copernicus_temperature:ok_complete,True,True,True,True,False,False,False,True,False,True,True
2026-04-01,3,2026-07-01,2026,7,True,True,True,True,C:\Users\George\RavenNode-MAIN-laptop_J\Libary MAIN JS\Python-combined model v1\Predikcijski model prevalence V1\raw\copernicus\forecast\copernicus_humidity\seasonal-monthly-single-levels\seasonal-monthly-single-levels_ecmwf_system_51_copernicus_humidity_init_2026_04_lead_1-6.grib,C:\Users\George\RavenNode-MAIN-laptop_J\Libary MAIN JS\Python-combined model v1\Predikcijski model prevalence V1\raw\copernicus\forecast\copernicus_precipitation\seasonal-monthly-single-levels\seasonal-monthly-single-levels_ecmwf_system_51_copernicus_precipitation_init_2026_04_lead_1-6.grib,C:\Users\George\RavenNode-MAIN-laptop_J\Libary MAIN JS\Python-combined model v1\Predikcijski model prevalence V1\raw\copernicus\forecast\copernicus_soil\seasonal-monthly-single-levels\seasonal-monthly-single-levels_ecmwf_system_51_copernicus_soil_init_2026_04_lead_1-6.grib,C:\Users\George\RavenNode-MAIN-laptop_J\Libary MAIN JS\Python-combined model v1\Predikcijski model prevalence V1\raw\copernicus\forecast\copernicus_temperature\seasonal-monthly-single-levels\seasonal-monthly-single-levels_ecmwf_system_51_copernicus_temperature_init_2026_04_lead_1-6.grib,True,2026,4,-0.4999999999999997,-0.8660254037844388,future_operational_template,2025-12-01,True,Numeric forecast extraction succeeded for the operational monthly-stats weather block. The deeper soil temperature and soil-water layers are not provided by this CDS monthly dataset.,72,0,0,0,future_operational,2m_temperature; 2m_temperature; 2m_dewpoint_temperature; soil_temperature_level_1; total_precipitation,air_temperature_c_mean; precipitation_sum_mm; relative_humidity_pct_mean; soil_temperature_level_1_c_mean,d2m; t2m; stl1; t2m; tprate,,,ok_complete,51,8,18.29968548943017,72.74015302919658,108.98192104993059,18.14989803538605,,,,16.896875000000023,18.275781250000023,19.742700195312523,1.2380617781464243,65.9807426264728,73.91152221486041,77.83847334478907,4.712425405228975,56.20561132673174,97.04986587166786,171.21603596024215,43.560709707778116,16.915063476562523,18.092919921875023,19.505151367187523,1.1618188667052167,,,,,,,,,,,,,copernicus_humidity; copernicus_precipitation; copernicus_soil; copernicus_temperature,copernicus_humidity:ok_complete; copernicus_precipitation:ok_complete; copernicus_soil:ok_complete; copernicus_temperature:ok_complete,True,True,True,True,False,False,False,True,False,True,True
2026-04-01,4,2026-08-01,2026,8,True,True,True,True,C:\Users\George\RavenNode-MAIN-laptop_J\Libary MAIN JS\Python-combined model v1\Predikcijski model prevalence V1\raw\copernicus\forecast\copernicus_humidity\seasonal-monthly-single-levels\seasonal-monthly-single-levels_ecmwf_system_51_copernicus_humidity_init_2026_04_lead_1-6.grib,C:\Users\George\RavenNode-MAIN-laptop_J\Libary MAIN JS\Python-combined model v1\Predikcijski model prevalence V1\raw\copernicus\forecast\copernicus_precipitation\seasonal-monthly-single-levels\seasonal-monthly-single-levels_ecmwf_system_51_copernicus_precipitation_init_2026_04_lead_1-6.grib,C:\Users\George\RavenNode-MAIN-laptop_J\Libary MAIN JS\Python-combined model v1\Predikcijski model prevalence V1\raw\copernicus\forecast\copernicus_soil\seasonal-monthly-single-levels\seasonal-monthly-single-levels_ecmwf_system_51_copernicus_soil_init_2026_04_lead_1-6.grib,C:\Users\George\RavenNode-MAIN-laptop_J\Libary MAIN JS\Python-combined model v1\Predikcijski model prevalence V1\raw\copernicus\forecast\copernicus_temperature\seasonal-monthly-single-levels\seasonal-monthly-single-levels_ecmwf_system_51_copernicus_temperature_init_2026_04_lead_1-6.grib,True,2026,4,-0.8660254037844385,-0.5000000000000004,future_operational_template,2025-12-01,True,Numeric forecast extraction succeeded for the operational monthly-stats weather block. The deeper soil temperature and soil-water layers are not provided by this CDS monthly dataset.,72,0,0,0,future_operational,2m_temperature; 2m_temperature; 2m_dewpoint_temperature; soil_temperature_level_1; total_precipitation,air_temperature_c_mean; precipitation_sum_mm; relative_humidity_pct_mean; soil_temperature_level_1_c_mean,d2m; t2m; stl1; t2m; tprate,,,ok_complete,51,8,20.725552906709584,68.61618989064459,87.02208664651741,20.762123736213262,,,,18.868554687500023,20.443139648437523,23.230126953125023,1.6633877386286082,61.0062623983704,69.11625388619098,75.7776912231088,6.5844698803028345,30.817717197351158,85.55199019610882,142.52981054596603,41.40685421715864,19.056665039062523,20.555810546875023,23.077050781250023,1.5657844922291677,,,,,,,,,,,,,copernicus_humidity; copernicus_precipitation; copernicus_soil; copernicus_temperature,copernicus_humidity:ok_complete; copernicus_precipitation:ok_complete; copernicus_soil:ok_complete; copernicus_temperature:ok_complete,True,True,True,True,False,False,False,True,False,True,True
2026-04-01,5,2026-09-01,2026,9,True,True,True,True,C:\Users\George\RavenNode-MAIN-laptop_J\Libary MAIN JS\Python-combined model v1\Predikcijski model prevalence V1\raw\copernicus\forecast\copernicus_humidity\seasonal-monthly-single-levels\seasonal-monthly-single-levels_ecmwf_system_51_copernicus_humidity_init_2026_04_lead_1-6.grib,C:\Users\George\RavenNode-MAIN-laptop_J\Libary MAIN JS\Python-combined model v1\Predikcijski model prevalence V1\raw\copernicus\forecast\copernicus_precipitation\seasonal-monthly-single-levels\seasonal-monthly-single-levels_ecmwf_system_51_copernicus_precipitation_init_2026_04_lead_1-6.grib,C:\Users\George\RavenNode-MAIN-laptop_J\Libary MAIN JS\Python-combined model v1\Predikcijski model prevalence V1\raw\copernicus\forecast\copernicus_soil\seasonal-monthly-single-levels\seasonal-monthly-single-levels_ecmwf_system_51_copernicus_soil_init_2026_04_lead_1-6.grib,C:\Users\George\RavenNode-MAIN-laptop_J\Libary MAIN JS\Python-combined model v1\Predikcijski model prevalence V1\raw\copernicus\forecast\copernicus_temperature\seasonal-monthly-single-levels\seasonal-monthly-single-levels_ecmwf_system_51_copernicus_temperature_init_2026_04_lead_1-6.grib,True,2026,4,-1.0,-1.8369701987210294e-16,future_operational_template,2025-12-01,True,Numeric forecast extraction succeeded for the operational monthly-stats weather block. The deeper soil temperature and soil-water layers are not provided by this CDS monthly dataset.,72,0,0,0,future_operational,2m_temperature; 2m_temperature; 2m_dewpoint_temperature; soil_temperature_level_1; total_precipitation,air_temperature_c_mean; precipitation_sum_mm; relative_humidity_pct_mean; soil_temperature_level_1_c_mean,d2m; t2m; stl1; t2m; tprate,,,ok_complete,51,8,20.19348671109071,67.16666846195486,74.9827954945538,20.63895239736522,,,,18.197290039062523,19.921289062500023,22.159936523437523,1.63382967812801,54.108691073722284,69.38245077590398,74.94882153458573,7.131256956824651,31.84861270710826,71.81614637374878,119.8318786919117,35.35756782635651,18.671777343750023,20.469384765625023,22.760156250000023,1.6366133004115249,,,,,,,,,,,,,copernicus_humidity; copernicus_precipitation; copernicus_soil; copernicus_temperature,copernicus_humidity:ok_complete; copernicus_precipitation:ok_complete; copernicus_soil:ok_complete; copernicus_temperature:ok_complete,True,True,True,True,False,False,False,True,False,True,True
2026-04-01,6,2026-10-01,2026,10,True,True,True,True,C:\Users\George\RavenNode-MAIN-laptop_J\Libary MAIN JS\Python-combined model v1\Predikcijski model prevalence V1\raw\copernicus\forecast\copernicus_humidity\seasonal-monthly-single-levels\seasonal-monthly-single-levels_ecmwf_system_51_copernicus_humidity_init_2026_04_lead_1-6.grib,C:\Users\George\RavenNode-MAIN-laptop_J\Libary MAIN JS\Python-combined model v1\Predikcijski model prevalence V1\raw\copernicus\forecast\copernicus_precipitation\seasonal-monthly-single-levels\seasonal-monthly-single-levels_ecmwf_system_51_copernicus_precipitation_init_2026_04_lead_1-6.grib,C:\Users\George\RavenNode-MAIN-laptop_J\Libary MAIN JS\Python-combined model v1\Predikcijski model prevalence V1\raw\copernicus\forecast\copernicus_soil\seasonal-monthly-single-levels\seasonal-monthly-single-levels_ecmwf_system_51_copernicus_soil_init_2026_04_lead_1-6.grib,C:\Users\George\RavenNode-MAIN-laptop_J\Libary MAIN JS\Python-combined model v1\Predikcijski model prevalence V1\raw\copernicus\forecast\copernicus_temperature\seasonal-monthly-single-levels\seasonal-monthly-single-levels_ecmwf_system_51_copernicus_temperature_init_2026_04_lead_1-6.grib,True,2026,4,-0.8660254037844386,0.5000000000000001,future_operational_template,2025-12-01,True,Numeric forecast extraction succeeded for the operational monthly-stats weather block. The deeper soil temperature and soil-water layers are not provided by this CDS monthly dataset.,72,0,0,0,future_operational,2m_temperature; 2m_temperature; 2m_dewpoint_temperature; soil_temperature_level_1; total_precipitation,air_temperature_c_mean; precipitation_sum_mm; relative_humidity_pct_mean; soil_temperature_level_1_c_mean,d2m; t2m; stl1; t2m; tprate,,,ok_complete,51,8,16.180738740808845,72.38009994444978,99.35947155634709,16.91446269914218,,,,14.378564453125023,16.287377929687523,18.092065429687523,1.3944432823171682,67.28718940661932,73.59794577160463,77.94238122415986,5.277177769346336,35.44122737366706,84.18296347372234,176.7043228028342,54.59201308342736,15.291894531250023,16.923730468750023,18.542382812500023,1.292572075848093,,,,,,,,,,,,,copernicus_humidity; copernicus_precipitation; copernicus_soil; copernicus_temperature,copernicus_humidity:ok_complete; copernicus_precipitation:ok_complete; copernicus_soil:ok_complete; copernicus_temperature:ok_complete,True,True,True,True,False,False,False,True,False,True,True
